Dependent_ID,Employee_ID,Relation,Gender,Date_of_Birth,Age_Group,Smoker,Chronic_Conditions,Has_Disability,Dependent_Coverage,Covered_Under_Policy,Policy_Start_Date,Policy_End_Date
9571bb24-5f36-4ac4-bc29-5a863f36b44b,5d70b760-1c31-4c1a-a70d-79a7c92bb570,Parent,Female,1977-04-23,Adult,No,Hypertension,Mental,Full,0eb5df44-7f60-4571-8bc0-c7ed21fd1c6e,2022-03-10,2025-03-09
ec797495-67e5-4694-a9b9-3705a3bf90ba,b2f573b0-54f2-42e3-9d9a-a287a673fd48,Parent,Female,1984-07-21,Adult,Yes,Diabetes,Mental,Full,270f6415-19ca-4423-be5b-0c5ab5bfdbd5,2021-11-20,2024-11-19
9712e908-4488-4bbb-9531-d74d25efc685,b2f573b0-54f2-42e3-9d9a-a287a673fd48,Child,Female,2002-10-06,Adult,No,Hypertension,None,Full,270f6415-19ca-4423-be5b-0c5ab5bfdbd5,2021-11-20,2024-11-19
6f01565a-f4f1-4ea5-b101-60c5e73b9b92,e5b9ee9b-385a-4827-916f-a44ef2d6a080,Parent,Male,1972-11-15,Adult,Unknown,Diabetes,None,Partial,ad93991e-03c2-4b2a-a300-ac7e8f85601e,2020-02-14,2023-02-13
8dca2a35-e7ce-4622-bce4-07c83ec20bc0,e5b9ee9b-385a-4827-916f-a44ef2d6a080,Child,Female,2015-01-11,Child,No,Asthma,Mental,Full,ad93991e-03c2-4b2a-a300-ac7e8f85601e,2020-02-14,2023-02-13
5a705be3-7ec1-4e20-a274-37504fd9885f,14bddcc0-c0f3-43c0-9ea2-736e7a558445,Parent,Male,1996-10-23,Adult,No,Asthma,None,Full,b191c97b-8d58-4156-9e62-1f953e8919d1,2021-05-15,2024-05-14
c3d9359f-170c-4619-8dff-d35d27a887f1,14bddcc0-c0f3-43c0-9ea2-736e7a558445,Parent,Male,2007-01-14,Teen,No,Asthma,Mental,None,b191c97b-8d58-4156-9e62-1f953e8919d1,2021-05-15,2024-05-14
79d755af-d00b-42f4-835d-cbe7a841ab2c,14bddcc0-c0f3-43c0-9ea2-736e7a558445,Child,Male,2001-07-02,Adult,Yes,None,Mental,Partial,b191c97b-8d58-4156-9e62-1f953e8919d1,2021-05-15,2024-05-14
523d69b4-7d2c-4ad5-b892-87529b6dad7f,ae54e7ce-72f9-41cc-8024-6cdf06932f9a,Spouse,Male,1952-03-16,Senior,Yes,Asthma,None,None,627bd199-5c92-4fd7-9e71-83c6593c19c4,2020-03-01,2023-02-28
1930f22a-97af-4554-addf-e073350bcb3b,f6a6d4f6-5a14-4fa2-9b9b-960e2b6acf66,Parent,Male,1995-10-02,Adult,Unknown,Hypertension,Physical,Partial,d2a36bfa-5b09-4bc4-8381-d797b5b67614,2019-01-15,2022-01-14
d3dd3045-76a5-402e-acd0-21fda3f0c96a,f6a6d4f6-5a14-4fa2-9b9b-960e2b6acf66,Parent,Male,1993-01-23,Adult,Unknown,Hypertension,Physical,Partial,d2a36bfa-5b09-4bc4-8381-d797b5b67614,2019-01-15,2022-01-14
27da615a-5418-47e2-aa03-6238e3a02467,6067cd4a-ac8a-449d-9cf4-89a37fc477fe,Parent,Female,2009-02-05,Teen,Yes,None,None,None,1169fb9b-9077-42ba-8f67-2fbe767d9e96,2020-02-01,2023-01-31
4881d279-4bdf-4cbb-8262-f2953a761e32,6067cd4a-ac8a-449d-9cf4-89a37fc477fe,Parent,Male,1984-07-27,Adult,No,Asthma,Mental,Partial,1169fb9b-9077-42ba-8f67-2fbe767d9e96,2020-02-01,2023-01-31
79f2f00f-69c1-4b87-a330-c9b1bb586a4d,6067cd4a-ac8a-449d-9cf4-89a37fc477fe,Parent,Male,1952-09-06,Senior,Yes,Asthma,Mental,None,1169fb9b-9077-42ba-8f67-2fbe767d9e96,2020-02-01,2023-01-31
a2d4e231-b261-47a8-9bd0-619febb7ba30,b9a08337-bfdc-4e43-aa7b-37d590696b9f,Spouse,Male,1962-01-12,Senior,Unknown,Hypertension,Physical,None,cc2db4ac-7d5c-4fd3-98fe-fca3bc3eb1a5,2024-07-15,2027-07-14
e01ced86-05b6-4c81-b904-849253f10ea2,b9a08337-bfdc-4e43-aa7b-37d590696b9f,Child,Female,2019-07-14,Child,No,Asthma,Mental,None,cc2db4ac-7d5c-4fd3-98fe-fca3bc3eb1a5,2024-07-15,2027-07-14
cca0c7cf-76d8-4cf7-ae64-04a09eb1c5ea,76b44287-f1b6-4ecf-9d03-1d0f8c4b753c,Child,Male,2021-05-28,Child,No,Asthma,Physical,Full,67a767a7-3c2d-4c77-afe5-81ba00862b95,2019-02-20,2022-02-19
0c98bc8c-0866-444f-8ba4-f983da9b4719,d4fe7692-22d5-4799-bc87-30abfa735a6a,Spouse,Male,1957-02-05,Senior,Unknown,Asthma,Mental,Partial,704ef4ff-938a-41f9-9178-6d73b8f2d19e,2021-10-01,2024-09-30
838f6f02-1090-47a6-802d-0b354032e7a8,d4fe7692-22d5-4799-bc87-30abfa735a6a,Spouse,Female,1962-01-14,Senior,Unknown,None,Physical,Full,704ef4ff-938a-41f9-9178-6d73b8f2d19e,2021-10-01,2024-09-30
a40f1940-1c2f-4c29-9fbd-4cef281b1a37,d4fe7692-22d5-4799-bc87-30abfa735a6a,Spouse,Female,1970-12-22,Adult,No,Hypertension,Physical,Partial,704ef4ff-938a-41f9-9178-6d73b8f2d19e,2021-10-01,2024-09-30
f8319541-d52c-43dd-bf7f-54675082007f,ca28e341-5147-482e-9564-27fd1e5f7c62,Child,Female,1976-11-24,Adult,Yes,Hypertension,Physical,None,a7ba7572-b365-4baa-9c4d-b20f455c30f3,2023-01-10,2026-01-09
417f5f55-8809-4fa0-838c-feab18d96b0a,144aa0d9-9c38-4758-9ba4-bdca5256b1c6,Parent,Female,1973-07-23,Adult,No,None,Physical,Partial,28384960-9ec3-4927-b6bb-be689359e045,2023-01-20,2026-01-19
1ba99a7b-ac47-4d84-93b7-8235e421d81e,ab2cf899-c688-4b9a-b36f-55e8bc11a2f2,Parent,Female,2004-04-11,Adult,Yes,Diabetes,Mental,Partial,416ba1c5-ef72-4853-a6c0-c8846b923a84,2020-05-10,2023-05-09
056c97dd-5253-42ce-b221-a56e5551bfef,ab2cf899-c688-4b9a-b36f-55e8bc11a2f2,Spouse,Male,1977-09-25,Adult,Yes,None,Mental,None,416ba1c5-ef72-4853-a6c0-c8846b923a84,2020-05-10,2023-05-09
e1f89615-0cc0-41c6-90e3-db6d47465a63,cb9e1ca1-b720-4a37-a446-bdd9af4c6938,Parent,Male,2018-08-21,Child,Unknown,None,Physical,Full,46c6bda8-a44f-4472-a68d-25b67d7ee285,2022-06-01,2025-05-31
e35a2531-441e-4496-bbd8-48e34e46bda5,cb9e1ca1-b720-4a37-a446-bdd9af4c6938,Spouse,Male,1968-03-24,Adult,Unknown,Asthma,Mental,None,46c6bda8-a44f-4472-a68d-25b67d7ee285,2022-06-01,2025-05-31
bdcffed5-4096-4ecf-b78d-d659f8144e10,cb9e1ca1-b720-4a37-a446-bdd9af4c6938,Spouse,Female,1970-05-27,Adult,Unknown,None,Mental,Full,46c6bda8-a44f-4472-a68d-25b67d7ee285,2022-06-01,2025-05-31
b8829d89-a068-4916-ae79-0539cf98c0e6,232412eb-ba87-40be-9af6-520901788f81,Parent,Female,1991-07-03,Adult,Yes,Asthma,Physical,Full,5d6fdbd0-21a0-490f-b598-e31a3ecfcaba,2022-11-01,2025-10-31
addcf8a9-80b1-42c4-8b6d-a824996426ea,232412eb-ba87-40be-9af6-520901788f81,Parent,Male,1963-04-20,Senior,Yes,Asthma,Physical,None,5d6fdbd0-21a0-490f-b598-e31a3ecfcaba,2022-11-01,2025-10-31
69febeea-7698-4248-aea5-03829f511c1d,ecf85d81-19bd-41b2-8b2d-db44c9b03e92,Parent,Female,1988-10-27,Adult,Unknown,Asthma,None,None,9ef6534d-92fa-44a2-9b0c-dc6a8ee4de1e,2022-07-01,2025-06-30
28644884-6c0c-485f-8dbb-b7dfe86bdadf,ecf85d81-19bd-41b2-8b2d-db44c9b03e92,Child,Female,1992-02-17,Adult,Unknown,None,Mental,None,9ef6534d-92fa-44a2-9b0c-dc6a8ee4de1e,2022-07-01,2025-06-30
92fd7a6a-b6f4-49e8-92fb-cd0dedd13d4b,2a6fdd7d-c646-41ef-954e-4cd5fe0ae96a,Spouse,Male,1952-08-28,Senior,No,Hypertension,Mental,Full,20e75fcc-a14c-465b-9453-885aebc35c1f,2023-03-10,2026-03-09
311cd7b3-78f6-46c2-8052-4aa42bb97b1d,2a6fdd7d-c646-41ef-954e-4cd5fe0ae96a,Parent,Female,1992-01-04,Adult,Unknown,None,Mental,None,20e75fcc-a14c-465b-9453-885aebc35c1f,2023-03-10,2026-03-09
c54ee4aa-cf32-42d6-a0b9-308b6ede8688,f6f2e946-269e-4be2-8ef2-7f0e59a70576,Spouse,Female,1998-08-03,Adult,No,None,Mental,Full,714b64f1-f66c-4ff5-895d-6666ab8cd07a,2024-10-15,2027-10-14
f45e8732-a160-4971-ae4c-019fb9a3cedc,588b5d44-022e-462c-9fab-13856d9c2828,Spouse,Male,2012-04-27,Teen,No,Diabetes,Physical,None,8f0ca92b-dac5-4155-bae5-768fccc3bbdb,2021-06-01,2024-05-31
890450be-1e43-45d2-820f-fe782823e0bd,73d2b97a-8382-4853-a06e-e4190552657b,Child,Female,1989-10-23,Adult,Yes,Hypertension,None,Full,24bf144d-cbee-4685-bbb1-c7235d7d2a0c,2024-10-01,2027-09-30
0020243f-a89a-4052-92af-4a2c9ec592e0,73d2b97a-8382-4853-a06e-e4190552657b,Child,Male,1953-12-21,Senior,Yes,Asthma,None,None,24bf144d-cbee-4685-bbb1-c7235d7d2a0c,2024-10-01,2027-09-30
11f635c5-cd66-49f7-8fb9-451887e75aee,73d2b97a-8382-4853-a06e-e4190552657b,Child,Female,1983-11-17,Adult,Unknown,Diabetes,Mental,Full,24bf144d-cbee-4685-bbb1-c7235d7d2a0c,2024-10-01,2027-09-30
f5661c38-eb08-4434-a8de-a44bbd707b5a,f93d4d43-a51d-4348-806a-0311d2346758,Child,Female,1971-04-07,Adult,Yes,Hypertension,Mental,None,76a95d32-e9dc-42bf-be6a-ae0e8f60689c,2019-03-01,2022-02-28
476f127a-d987-4280-8e3b-c66cb8f02d63,b21fb0c3-631b-4f73-a359-3c67bbc432f6,Spouse,Female,1998-06-16,Adult,No,Hypertension,Mental,Full,b2ea9004-c443-4800-a18e-053383d557a1,2023-11-15,2026-11-14
f9ae634a-5a00-46fd-bb65-bb3e90fff23f,b21fb0c3-631b-4f73-a359-3c67bbc432f6,Child,Male,2017-01-31,Child,No,Diabetes,Physical,Partial,b2ea9004-c443-4800-a18e-053383d557a1,2023-11-15,2026-11-14
01aaac77-a0de-4a6c-bded-15cba3c5e1dd,b21fb0c3-631b-4f73-a359-3c67bbc432f6,Child,Male,1988-07-20,Adult,Unknown,Hypertension,None,None,b2ea9004-c443-4800-a18e-053383d557a1,2023-11-15,2026-11-14
1b910330-6626-48b8-a3a0-4b40fb11d472,f005a900-aa11-431a-833d-ae4b02903fd3,Spouse,Female,2004-02-11,Adult,Unknown,Diabetes,Physical,None,72309048-c9ed-46e1-9617-f62b1776e6cd,2022-08-01,2025-07-31
1ce2a5b2-21d3-437c-885e-c3f6fcba89b3,9d11607d-f8e0-4548-8e06-6cea4af32345,Child,Female,2000-05-17,Adult,Unknown,Asthma,Mental,Partial,8a3c3abf-a918-41bb-be3b-90bd26f269b5,2022-03-15,2025-03-14
975375af-b84d-462c-b619-3b3a74617f2a,cb2f756a-0ffa-43c3-aabf-93ce1f48f58b,Child,Male,2002-04-22,Adult,No,Diabetes,Physical,Partial,914c2f89-dc18-40cb-b49a-abcab0ea3542,2019-01-01,2021-12-31
c27b47ef-ea15-4e45-9e41-e8aa5d1c4153,cb2f756a-0ffa-43c3-aabf-93ce1f48f58b,Parent,Female,1971-02-21,Adult,Unknown,Asthma,Mental,None,914c2f89-dc18-40cb-b49a-abcab0ea3542,2019-01-01,2021-12-31
4d3e6228-ca1c-4f62-b2f4-39618240a30c,6f66c47d-2bd5-45c4-938a-d6bfb64dc119,Child,Female,1995-03-25,Adult,Unknown,Diabetes,None,Partial,7d058f3e-a755-41ba-a267-46904d81ef48,2019-01-01,2021-12-31
431d24fd-beef-4ebc-97ac-bbf78ff4e039,6f66c47d-2bd5-45c4-938a-d6bfb64dc119,Spouse,Female,2007-12-23,Teen,Yes,Hypertension,None,None,7d058f3e-a755-41ba-a267-46904d81ef48,2019-01-01,2021-12-31
bde38c20-4fd2-49c9-bb3f-a93146cffcae,6f66c47d-2bd5-45c4-938a-d6bfb64dc119,Child,Female,1970-06-29,Adult,Yes,None,None,Full,7d058f3e-a755-41ba-a267-46904d81ef48,2019-01-01,2021-12-31
85cfecde-a140-4d0c-aa7c-a3d0fae77f14,7355232c-2e8c-4e0b-af0b-4bfa9c08a5d8,Child,Male,1962-08-31,Senior,No,None,Mental,Partial,1a4d40bb-22ef-4723-a40a-5abac6aaf307,2024-12-15,2027-12-14
e7421a96-1291-406e-9540-9847ad845c9a,7355232c-2e8c-4e0b-af0b-4bfa9c08a5d8,Child,Male,1967-06-22,Adult,Unknown,Hypertension,None,Full,1a4d40bb-22ef-4723-a40a-5abac6aaf307,2024-12-15,2027-12-14
797c50ba-ed75-408b-9b4d-4405403ebbf9,ea096333-01e5-4658-8cc5-6e55a2b98eab,Spouse,Male,2005-09-24,Teen,Unknown,None,Physical,Full,d2390670-7c88-4951-889a-b636a30bf241,2022-09-01,2025-08-31
2cfa4b6a-f07f-4e17-95c3-7fa20e623dd5,28acd326-0256-4af5-a2c5-a95c8e5c8835,Spouse,Male,2006-11-16,Teen,Yes,Hypertension,None,Partial,cfe6c028-c77e-40b3-80ee-a40523c42915,2024-12-20,2027-12-19
7921e74e-7faa-44b7-a886-608d76d8a593,28acd326-0256-4af5-a2c5-a95c8e5c8835,Child,Female,1949-07-04,Senior,No,Hypertension,Physical,Full,cfe6c028-c77e-40b3-80ee-a40523c42915,2024-12-20,2027-12-19
82017798-f32e-4cec-be08-cfa9553fd9e0,34249455-3509-4e9e-b9c3-fdb7d37290dc,Child,Female,1962-08-30,Senior,Yes,None,Mental,None,3dc45ca8-c6ab-4f16-a314-ae7301644a76,2020-02-01,2023-01-31
09738fdb-cc67-4c94-abf8-8f3cdb2c1aad,34249455-3509-4e9e-b9c3-fdb7d37290dc,Child,Female,1958-05-17,Senior,Unknown,None,Physical,Full,3dc45ca8-c6ab-4f16-a314-ae7301644a76,2020-02-01,2023-01-31
5016921b-85f1-4516-a1e1-c3ce8e0a3d1e,34249455-3509-4e9e-b9c3-fdb7d37290dc,Spouse,Female,2024-04-24,Child,No,None,Physical,Partial,3dc45ca8-c6ab-4f16-a314-ae7301644a76,2020-02-01,2023-01-31
d01a4b5b-a977-40b5-9d0e-fd3a5fdea05f,df938b79-7008-40e5-8719-1f523b48275f,Spouse,Male,2013-01-13,Child,No,Hypertension,Mental,Partial,8c917f05-ed30-4e5f-98e7-1ea8b67a412b,2020-04-15,2023-04-14
ec80478f-fe91-4454-8eb1-1ee6e0efc2c4,4e82d3d1-5073-43aa-baa0-5e79d3207c88,Spouse,Female,2015-10-15,Child,Unknown,Asthma,Mental,Full,91de8185-5378-4229-a608-bebad2297f72,2022-08-01,2025-07-31
08c3ab6a-67b9-4a59-adf2-02bf935d8ada,3edeee7e-d405-4a0c-aab7-4ffe15092bad,Spouse,Female,1985-07-08,Adult,No,None,Mental,Full,fac62239-230f-4df2-9c64-5b41ae334250,2022-06-15,2025-06-14
647ab6b9-fc3c-4e35-8435-0f7f823d94b0,3edeee7e-d405-4a0c-aab7-4ffe15092bad,Parent,Male,1965-11-19,Adult,Unknown,Asthma,Mental,None,fac62239-230f-4df2-9c64-5b41ae334250,2022-06-15,2025-06-14
9e788ef9-08f5-429c-9706-3b6f341eb6d1,56259e15-3528-4b70-8bbb-74ad962cf540,Child,Male,1967-01-11,Adult,Yes,Diabetes,None,Full,974474c2-25aa-4377-8962-1c273a247746,2024-11-15,2027-11-14
66bbf5fb-7040-4de0-ab23-92268ff1d887,56259e15-3528-4b70-8bbb-74ad962cf540,Parent,Female,2021-08-13,Child,No,Diabetes,Mental,None,974474c2-25aa-4377-8962-1c273a247746,2024-11-15,2027-11-14
b67f05ac-6dde-429d-905b-223a35b4d508,56259e15-3528-4b70-8bbb-74ad962cf540,Child,Female,2005-08-21,Teen,Yes,Asthma,None,Full,974474c2-25aa-4377-8962-1c273a247746,2024-11-15,2027-11-14
e678f512-2359-4f34-851f-d83f3eeb84d3,9f11ad8c-dd71-4ca3-a565-d6e5fa36fd3c,Parent,Male,1958-09-08,Senior,Yes,Diabetes,Physical,None,717bfadb-4c8a-414d-b474-66ea3742a6da,2022-09-10,2025-09-09
cfd91942-13cc-4f06-827d-7ee6e3b17b12,9f11ad8c-dd71-4ca3-a565-d6e5fa36fd3c,Spouse,Female,1969-08-08,Adult,Yes,Hypertension,None,None,717bfadb-4c8a-414d-b474-66ea3742a6da,2022-09-10,2025-09-09
f01f2ab6-3438-4a83-8424-63c5692c7efc,86b3f370-45a0-4cf1-ba47-5bf1a81c56fd,Parent,Female,1950-06-06,Senior,Yes,Asthma,Mental,None,1d423089-6ae5-4abe-97f5-af0b7e47e8f1,2023-10-01,2026-09-30
1a851fca-7331-4205-bc90-66a0767c2636,87114c94-a61b-40e9-aacc-e2d2f582ddc2,Spouse,Female,2007-11-25,Teen,Yes,Hypertension,None,Partial,a31449ab-a103-42b7-af4b-cb3c2277cffd,2023-11-01,2026-10-31
7cf39fe8-aa5c-407a-979b-2c206df47382,87114c94-a61b-40e9-aacc-e2d2f582ddc2,Parent,Male,2015-01-29,Child,Yes,Asthma,Physical,Partial,a31449ab-a103-42b7-af4b-cb3c2277cffd,2023-11-01,2026-10-31
9a171e23-baa8-4c5d-8e3b-5cc30b13fb29,cc746b6a-d1d2-4899-a8c7-0d169a232717,Spouse,Male,2016-10-17,Child,No,Hypertension,None,Partial,41f6a0f0-2fff-476e-8df2-b2350369fd00,2019-02-01,2022-01-31
df103b3b-f992-4431-816a-3b285f1615fe,cc746b6a-d1d2-4899-a8c7-0d169a232717,Parent,Female,2020-06-15,Child,Unknown,Asthma,None,None,41f6a0f0-2fff-476e-8df2-b2350369fd00,2019-02-01,2022-01-31
9bba16d1-1b71-4851-9dc8-a01672c84ae9,cc746b6a-d1d2-4899-a8c7-0d169a232717,Parent,Male,2006-01-10,Teen,No,Diabetes,None,Full,41f6a0f0-2fff-476e-8df2-b2350369fd00,2019-02-01,2022-01-31
447aa5b1-72c6-4ff8-bcf3-8dfabb91a7e5,6d1503aa-fe0b-4e9a-813c-8924a681c498,Child,Female,1986-10-23,Adult,Unknown,Diabetes,None,None,1b65aad3-69c4-49ec-b5d7-a5ee230365ce,2021-05-15,2024-05-14
cbd2f617-c317-4bfd-a40b-b60a61c1e2ea,6d1503aa-fe0b-4e9a-813c-8924a681c498,Child,Male,1991-09-16,Adult,Yes,Hypertension,None,Full,1b65aad3-69c4-49ec-b5d7-a5ee230365ce,2021-05-15,2024-05-14
67765aa3-29a3-47ce-802f-00cf2dcfca20,6d1503aa-fe0b-4e9a-813c-8924a681c498,Parent,Female,1975-10-17,Adult,No,Diabetes,Physical,Full,1b65aad3-69c4-49ec-b5d7-a5ee230365ce,2021-05-15,2024-05-14
4e9a1a33-1329-4bc3-82bf-7356a51db5bf,3b4d7803-c85b-48f5-965d-38dd3ee64615,Child,Male,1990-11-07,Adult,No,Asthma,Mental,Full,1062d0ea-47d6-4a28-8471-150f2b46af4c,2022-08-15,2025-08-14
baefe707-3e89-462c-ae6a-b45fa2dde26a,3b4d7803-c85b-48f5-965d-38dd3ee64615,Child,Female,1964-07-20,Senior,Yes,Asthma,Physical,Full,1062d0ea-47d6-4a28-8471-150f2b46af4c,2022-08-15,2025-08-14
ad7215c7-5eaf-4c8a-89a8-9f44833b02e6,3b4d7803-c85b-48f5-965d-38dd3ee64615,Parent,Female,1983-05-03,Adult,No,Diabetes,None,Full,1062d0ea-47d6-4a28-8471-150f2b46af4c,2022-08-15,2025-08-14
5c404565-00ba-46ae-abe0-271c3d2b1ae5,8152e420-6c82-4f45-ac80-a46262c42602,Child,Female,2016-05-04,Child,No,Hypertension,None,None,ec4e9dbe-cf14-416e-97c9-1ec6cf27c96b,2023-10-01,2026-09-30
940779a0-7b5c-4f99-86ba-8a4b2c18ab22,3b0bded4-4095-40f9-935d-b8d0f15b0c6e,Child,Male,1981-10-10,Adult,No,Asthma,Physical,None,740a1dfe-46e3-446d-ba27-ffbc92346883,2021-03-01,2024-02-28
ec913761-5cf1-4313-9bff-5ba2a1d36f2f,3b0bded4-4095-40f9-935d-b8d0f15b0c6e,Spouse,Female,1999-05-03,Adult,Yes,Hypertension,Physical,Partial,740a1dfe-46e3-446d-ba27-ffbc92346883,2021-03-01,2024-02-28
bb283097-fd18-4c87-971d-69dcc25fe46e,f77eefaf-0ee8-4e40-b0f5-cbd6596f043a,Spouse,Female,2013-06-26,Child,No,Diabetes,None,None,b736082d-4a6c-4ac9-89f5-76974462c3b7,2022-08-01,2025-07-31
de537234-1dd4-4232-ac05-ae381025ff25,7a2070bf-d2e4-433e-a9cb-c6d15a3ea06c,Child,Female,1979-11-27,Adult,No,Hypertension,Mental,None,90f30081-5f59-468a-a917-2603653a479b,2021-06-15,2024-06-14
f95278e7-4417-4b39-a1c9-ef8fb31cf0fa,7a2070bf-d2e4-433e-a9cb-c6d15a3ea06c,Spouse,Male,1982-01-26,Adult,Unknown,None,Mental,Partial,90f30081-5f59-468a-a917-2603653a479b,2021-06-15,2024-06-14
9eec0a0f-5063-4fd5-ba7f-993b7d2f8827,5deb7db7-d359-4ff4-8d6a-71c768c3967e,Spouse,Female,1972-05-27,Adult,Yes,Asthma,None,None,3a2b8c7d-9e4f-4c2b-8d1e-5f6a7b8c9d0e,2022-04-01,2025-03-31
ca07a190-6bc4-46b4-882b-0c9f95f4b54c,5deb7db7-d359-4ff4-8d6a-71c768c3967e,Spouse,Male,1990-04-02,Adult,Yes,Hypertension,Physical,Partial,3a2b8c7d-9e4f-4c2b-8d1e-5f6a7b8c9d0e,2022-04-01,2025-03-31
32284872-0737-4154-bd91-bf37bcd81bd0,f7f5074c-3a93-4652-972b-3b64aae9db8a,Child,Female,1970-05-06,Adult,No,Diabetes,Physical,Partial,4b3c9d8e-0a5g-4d3c-9e2f-6g7h8i9j0k1l,2023-06-15,2026-06-14
5f3a811e-4bb8-4cb4-a1a7-a09032ff14a7,f7f5074c-3a93-4652-972b-3b64aae9db8a,Spouse,Male,2008-08-11,Teen,Yes,Hypertension,None,Partial,4b3c9d8e-0a5g-4d3c-9e2f-6g7h8i9j0k1l,2023-06-15,2026-06-14
82a07d4e-144b-43c0-895e-f36f03cf3e04,f7f5074c-3a93-4652-972b-3b64aae9db8a,Parent,Female,1995-07-13,Adult,Unknown,Asthma,Physical,Full,4b3c9d8e-0a5g-4d3c-9e2f-6g7h8i9j0k1l,2023-06-15,2026-06-14
01823a88-7ad3-447a-9d77-7f73fb0b4e74,3b1493b6-19fa-46be-858f-8472cbb72eb7,Child,Male,2009-10-20,Teen,Unknown,Asthma,Physical,None,7e6f2g1h-3d8j-4g6f-2h3i-9k0l1m2n3o4p,2022-11-15,2025-11-14
ab723b74-a56d-42a4-88aa-9ebca6bd9991,3b1493b6-19fa-46be-858f-8472cbb72eb7,Spouse,Female,1993-04-07,Adult,Unknown,Diabetes,Physical,Full,7e6f2g1h-3d8j-4g6f-2h3i-9k0l1m2n3o4p,2022-11-15,2025-11-14
f625e093-0836-4194-8c17-684edd0c1eec,38b71dbf-cb7c-4fee-ba0b-5a84a72c007a,Child,Male,2011-08-12,Teen,Yes,Hypertension,Physical,Partial,9g8h4i3j-5f0l-4i8h-4j5k-1m2n3o4p5q6r,2021-07-01,2024-06-30
31fdf3a3-f6a9-4d4f-af78-467f4f6040a2,38b71dbf-cb7c-4fee-ba0b-5a84a72c007a,Parent,Female,1982-01-26,Adult,No,None,None,None,9g8h4i3j-5f0l-4i8h-4j5k-1m2n3o4p5q6r,2021-07-01,2024-06-30
01b013e3-0920-4f88-8beb-557759b9e51d,641e1b51-f6db-4863-9939-3c37407d568c,Spouse,Female,1989-06-21,Adult,No,Hypertension,None,Full,0h9i5j4k-6g1m-4j9i-5k6l-2n3o4p5q6r7s,2020-05-15,2023-05-14
9bba382e-0284-4261-84a4-5bcf779ffde3,568ce829-ae70-4e61-96c4-800df1f84d2c,Parent,Female,1968-11-16,Adult,Unknown,Diabetes,Physical,Partial,1i0j6k5l-7h2n-4k0j-6l7m-3o4p5q6r7s8t,2022-08-01,2025-07-31
43ca0d35-bdad-4560-a44b-cccf05e8768c,bd8e880e-0e49-41db-8425-ecbda2f286d1,Spouse,Female,1955-06-14,Senior,Unknown,None,Physical,Partial,2j1k7l6m-8i3o-4l1k-7m8n-4p5q6r7s8t9u,2023-01-01,2025-12-31
6a195b19-d8f3-49a8-ba45-959649a0bcaa,bd8e880e-0e49-41db-8425-ecbda2f286d1,Parent,Female,1953-08-06,Senior,Unknown,Asthma,Physical,Full,2j1k7l6m-8i3o-4l1k-7m8n-4p5q6r7s8t9u,2023-01-01,2025-12-31
c6828450-6ffc-4c0f-b9cc-0b3d4bc29376,ff1437fc-e82a-41a3-9b2b-98bc9f776feb,Child,Male,1984-04-17,Adult,No,None,Mental,Partial,3k2l8m7n-9j4p-4m2l-8n9o-5q6r7s8t9u0v,2021-03-15,2024-03-14
137b6257-d713-4def-a7d3-d8231c6a05d2,ec83f27f-c8d9-48d7-a45d-6d4e434e3030,Spouse,Male,2019-01-08,Child,No,Asthma,None,None,4l3m9n8o-0k5q-4n3m-9o0p-6r7s8t9u0v1w,2022-06-01,2025-05-31
2bad01cf-8860-4c65-9dae-6b7122beeaa6,5ca46cb3-3819-4e14-af20-f9b2e53436cf,Child,Female,1987-01-08,Adult,Yes,None,Mental,Full,5m4n0o9p-1l6r-4o4n-0p1q-7s8t9u0v1w2x,2020-09-01,2023-08-31
76661823-5765-4c70-b92e-5e5837c3a2ac,33a876f5-3d68-4dfc-adc4-67eeac1ffcac,Parent,Male,1953-03-01,Senior,No,Diabetes,None,Full,7o6p2q1r-3n8u-4q6p-2r3s-9u0v1w2x3y4z,2023-02-01,2026-01-31
557d8ed6-6be3-4a60-a2f7-0d0de261bc5c,ca81e84e-e03c-4c29-8627-50000fc09bd6,Spouse,Male,1975-12-17,Adult,Yes,Hypertension,Mental,Full,0r9s5t4u-6q1x-4t9s-5u6v-2x3y4z5a6b7c,2021-09-15,2024-09-14
00c789ab-6faf-464d-b9eb-94643470bc1a,ca81e84e-e03c-4c29-8627-50000fc09bd6,Child,Female,1992-09-03,Adult,No,Asthma,None,Partial,0r9s5t4u-6q1x-4t9s-5u6v-2x3y4z5a6b7c,2021-09-15,2024-09-14
0dc6e9fd-d961-4394-b103-974580637df1,ca81e84e-e03c-4c29-8627-50000fc09bd6,Spouse,Male,2019-01-06,Child,Yes,None,Physical,Full,0r9s5t4u-6q1x-4t9s-5u6v-2x3y4z5a6b7c,2021-09-15,2024-09-14
2e371418-2481-4cad-a401-704989864e22,16f70d8a-3dcd-45f3-99de-519b84999642,Parent,Female,2010-02-13,Teen,Unknown,Asthma,Physical,Partial,1s0t6u5v-7r2y-4u0t-6v7w-3y4z5a6b7c8d,2022-11-01,2025-10-31
e1a08531-dac3-48de-8147-d527a81eadf6,16f70d8a-3dcd-45f3-99de-519b84999642,Spouse,Male,1957-01-03,Senior,No,None,Physical,Partial,1s0t6u5v-7r2y-4u0t-6v7w-3y4z5a6b7c8d,2022-11-01,2025-10-31
f08aa839-3bf1-494e-a2a1-8600fdb41aa2,16f70d8a-3dcd-45f3-99de-519b84999642,Spouse,Male,2008-06-10,Teen,No,Asthma,None,None,1s0t6u5v-7r2y-4u0t-6v7w-3y4z5a6b7c8d,2022-11-01,2025-10-31
fe48f6ef-8bf9-4815-9343-4ee24b1f07c1,7d63894c-25a3-42c7-946a-d86ad1967c89,Parent,Female,2011-07-02,Teen,Yes,Hypertension,Physical,None,2t1u7v6w-8s3z-4v1u-7w8x-4z5a6b7c8d9e,2023-01-15,2026-01-14
ed1b9746-1cb1-4bf9-b4cb-5ccf5b362587,7d63894c-25a3-42c7-946a-d86ad1967c89,Parent,Male,1958-11-26,Senior,No,Asthma,Physical,None,2t1u7v6w-8s3z-4v1u-7w8x-4z5a6b7c8d9e,2023-01-15,2026-01-14
00939539-a452-471d-8825-704cebd1d336,7d63894c-25a3-42c7-946a-d86ad1967c89,Spouse,Male,2014-06-14,Child,Yes,None,None,None,2t1u7v6w-8s3z-4v1u-7w8x-4z5a6b7c8d9e,2023-01-15,2026-01-14
a2ad2118-1c8e-4978-a393-db898763b6c6,7d64876b-d3cc-4cb1-b6fa-cc7ed89cba42,Spouse,Female,2017-04-15,Child,Yes,None,None,Full,3u2v8w7x-9t4a-4w2v-8x9y-5a6b7c8d9e0f,2021-03-01,2024-02-28
05d87a87-b640-4d57-8378-3054219336f4,9000f4e8-f85c-43b4-8090-75ddadb0558d,Child,Male,1959-12-19,Senior,Unknown,None,None,None,4v3w9x8y-0u5b-4x3w-9y0z-6b7c8d9e0f1g,2022-05-15,2025-05-14
d5ccf98d-372e-4ce8-87c7-f651071efd71,9000f4e8-f85c-43b4-8090-75ddadb0558d,Child,Male,2017-04-13,Child,Unknown,Hypertension,None,Partial,4v3w9x8y-0u5b-4x3w-9y0z-6b7c8d9e0f1g,2022-05-15,2025-05-14
a9f8c002-1273-4eba-920b-8614f6e3cac3,9000f4e8-f85c-43b4-8090-75ddadb0558d,Spouse,Male,1961-12-11,Senior,No,None,Mental,Partial,4v3w9x8y-0u5b-4x3w-9y0z-6b7c8d9e0f1g,2022-05-15,2025-05-14
0b23c0ce-d07d-437a-8b0f-3907b428b7eb,45043361-4a62-4d53-87b2-01aabe103c2d,Spouse,Female,2003-04-11,Adult,Yes,Asthma,Mental,Full,5w4x0y9z-1v6c-4y4x-0z1a-7c8d9e0f1g2h,2020-07-01,2023-06-30
fc93c280-d8ab-40ae-902d-ea11ba0f13f1,45043361-4a62-4d53-87b2-01aabe103c2d,Spouse,Female,1960-03-07,Senior,No,Diabetes,None,None,5w4x0y9z-1v6c-4y4x-0z1a-7c8d9e0f1g2h,2020-07-01,2023-06-30
b5c5aaa8-9db3-443c-a2c6-d8174b704f7e,a900d6b0-b319-4d42-8593-1c846c96747c,Spouse,Female,1952-09-05,Senior,Yes,Asthma,Mental,None,6x5y1z0a-2w7d-4z5y-1a2b-8d9e0f1g2h3i,2021-09-15,2024-09-14
16d4fa9a-1387-46f0-9f6e-06e798906576,a900d6b0-b319-4d42-8593-1c846c96747c,Parent,Female,2015-04-23,Child,No,None,Physical,Partial,6x5y1z0a-2w7d-4z5y-1a2b-8d9e0f1g2h3i,2021-09-15,2024-09-14
5ea9f8d2-536f-4995-b8ef-e38c7957187d,a900d6b0-b319-4d42-8593-1c846c96747c,Parent,Female,2021-11-21,Child,Unknown,Asthma,None,Full,6x5y1z0a-2w7d-4z5y-1a2b-8d9e0f1g2h3i,2021-09-15,2024-09-14
4b0ec49f-6a36-4e50-9260-c0af014ec0a8,ab3d91e6-247b-4c2a-9ef1-ddca494449fe,Parent,Male,1966-01-17,Adult,No,None,Mental,Partial,7y6z2a1b-3x8e-4a6z-2b3c-9e0f1g2h3i4j,2022-11-01,2025-10-31
ba84ae27-fc5a-4905-9aa0-1b0fb4be2683,ab3d91e6-247b-4c2a-9ef1-ddca494449fe,Spouse,Male,1969-11-20,Adult,Unknown,Hypertension,Mental,Partial,7y6z2a1b-3x8e-4a6z-2b3c-9e0f1g2h3i4j,2022-11-01,2025-10-31
dd8d54fd-0144-41b7-b946-178f8df60cfc,16968970-c4dc-4701-9c2a-2300ff5d8cc3,Child,Male,1984-04-22,Adult,No,Hypertension,Mental,None,8z7a3b2c-4y9f-4b7a-3c4d-0f1g2h3i4j5k,2021-01-15,2024-01-14
b585df31-cd0e-440e-8afc-bd7a0db9819c,16968970-c4dc-4701-9c2a-2300ff5d8cc3,Parent,Female,1975-01-02,Adult,No,Diabetes,None,None,8z7a3b2c-4y9f-4b7a-3c4d-0f1g2h3i4j5k,2021-01-15,2024-01-14
dad84431-a74f-476a-bfa6-2bf4cf783d82,10a6bd6f-2b07-42d0-94f9-4cbff640fefe,Child,Male,1968-07-30,Adult,Yes,None,None,None,9a8b4c3d-5z0g-4c8b-4d5e-1g2h3i4j5k6l,2020-03-01,2023-02-28
089cdee4-ee0b-4b9c-8a6b-c1810b1f8e01,10a6bd6f-2b07-42d0-94f9-4cbff640fefe,Child,Female,1976-02-16,Adult,Unknown,Hypertension,Physical,Full,9a8b4c3d-5z0g-4c8b-4d5e-1g2h3i4j5k6l,2020-03-01,2023-02-28
e802350a-1c57-46c0-bace-9eb80fcc2167,10a6bd6f-2b07-42d0-94f9-4cbff640fefe,Child,Female,1968-03-04,Adult,Unknown,Asthma,None,Partial,9a8b4c3d-5z0g-4c8b-4d5e-1g2h3i4j5k6l,2020-03-01,2023-02-28
d24ec599-66ed-4b1c-a14a-95c3208ecb3e,d6234388-95d7-4c9d-8c8b-02e1e9333dd3,Spouse,Female,1962-05-08,Senior,No,Diabetes,Physical,Partial,0b9c5d4e-6a1h-4d9c-5e6f-2h3i4j5k6l7m,2021-05-15,2024-05-14
1f9dd829-4265-40b2-a291-608eb734d890,d6234388-95d7-4c9d-8c8b-02e1e9333dd3,Child,Female,2020-09-01,Child,No,Hypertension,Mental,Partial,0b9c5d4e-6a1h-4d9c-5e6f-2h3i4j5k6l7m,2021-05-15,2024-05-14
e3d14da8-f56b-464e-a770-7ed8d3e3c7cd,d6234388-95d7-4c9d-8c8b-02e1e9333dd3,Spouse,Male,2023-11-02,Child,Unknown,Diabetes,Mental,Partial,0b9c5d4e-6a1h-4d9c-5e6f-2h3i4j5k6l7m,2021-05-15,2024-05-14
7eb0d5e0-ac63-4131-93b5-d1fc51fe597e,285e6734-f20a-461d-afec-c7f0ca68d5f6,Parent,Male,2000-02-03,Adult,Yes,Asthma,Physical,Partial,1c0d6e5f-7b2i-4e0d-6f7g-3i4j5k6l7m8n,2022-07-01,2025-06-30
2668604b-5cd3-49bb-8730-36dc37f0f900,285e6734-f20a-461d-afec-c7f0ca68d5f6,Parent,Male,2004-06-17,Adult,Yes,None,Mental,Partial,1c0d6e5f-7b2i-4e0d-6f7g-3i4j5k6l7m8n,2022-07-01,2025-06-30
1448cdec-a471-4b07-9882-ff2ffbb4fff3,285e6734-f20a-461d-afec-c7f0ca68d5f6,Spouse,Female,1968-07-05,Adult,Yes,None,Mental,None,1c0d6e5f-7b2i-4e0d-6f7g-3i4j5k6l7m8n,2022-07-01,2025-06-30
6ee515c2-7319-4e69-b34b-c22fca5d90ce,c4d4080b-852f-42de-9ee0-a0c738d14081,Spouse,Male,1957-12-22,Senior,Unknown,Asthma,Mental,Full,2d1e7f6g-8c3j-4f1e-7g8h-4j5k6l7m8n9o,2022-09-15,2025-09-14
5372f9c1-0427-4e8d-bcba-435292435598,c4d4080b-852f-42de-9ee0-a0c738d14081,Parent,Female,1966-05-24,Adult,Unknown,Hypertension,None,Full,2d1e7f6g-8c3j-4f1e-7g8h-4j5k6l7m8n9o,2022-09-15,2025-09-14
7b2dff65-1289-447a-96c0-8e8a4a1c4798,3181dd26-6b1e-499f-a9d4-8d2f1fa50d53,Child,Female,1986-03-31,Adult,No,Diabetes,Physical,Partial,3e2f8g7h-9d4k-4g2f-8h9i-5k6l7m8n9o0p,2020-11-01,2023-10-31
8dd75e62-15cb-4aa8-bbab-be704f6fbe8c,3181dd26-6b1e-499f-a9d4-8d2f1fa50d53,Child,Female,1978-10-22,Adult,Unknown,Hypertension,None,Partial,3e2f8g7h-9d4k-4g2f-8h9i-5k6l7m8n9o0p,2020-11-01,2023-10-31
e6ceb7b3-a3fa-4e8d-babf-3f3ba2cb0d74,1ff14dfc-1992-4a48-9119-3412890055cd,Child,Male,1990-11-02,Adult,Unknown,None,Mental,None,4f3g9h8i-0e5l-4h3g-9i0j-6l7m8n9o0p1q,2022-01-15,2025-01-14
fad866bc-8b09-4a13-9c0d-6d73204e3452,1ff14dfc-1992-4a48-9119-3412890055cd,Child,Female,1974-07-09,Adult,Yes,Diabetes,Physical,Full,4f3g9h8i-0e5l-4h3g-9i0j-6l7m8n9o0p1q,2022-01-15,2025-01-14
a0ce5773-ac65-4fb8-a4fd-7842f5035955,1ff14dfc-1992-4a48-9119-3412890055cd,Parent,Female,2000-12-04,Adult,No,Diabetes,Mental,Full,4f3g9h8i-0e5l-4h3g-9i0j-6l7m8n9o0p1q,2022-01-15,2025-01-14
1f088f5d-938a-4bd4-869d-45d790b12768,fb8ba5db-d049-40e8-85fd-48c984c37a88,Spouse,Male,2014-08-02,Child,Yes,Asthma,Physical,Partial,6h5i1j0k-2g7n-4j5i-1k2l-8n9o0p1q2r3s,2020-05-15,2023-05-14
5ee62d6c-f615-4e8d-9eea-276f22d8d962,fb8ba5db-d049-40e8-85fd-48c984c37a88,Child,Female,1990-12-29,Adult,Unknown,None,Mental,None,6h5i1j0k-2g7n-4j5i-1k2l-8n9o0p1q2r3s,2020-05-15,2023-05-14
e11593c8-ef89-45b2-908e-2071a42dd1bc,dca37c0b-0c95-4bb6-9dd0-21dd80aac6bc,Parent,Female,1969-05-06,Adult,No,Diabetes,Mental,Full,7i6j2k1l-3h8o-4k6j-2l3m-9o0p1q2r3s4t,2022-07-01,2025-06-30
71d93864-a714-4ea0-865a-8ee009c11907,dca37c0b-0c95-4bb6-9dd0-21dd80aac6bc,Parent,Female,1962-05-16,Senior,No,Hypertension,None,None,7i6j2k1l-3h8o-4k6j-2l3m-9o0p1q2r3s4t,2022-07-01,2025-06-30
236a382b-5920-47c8-b198-383810058e4f,dca37c0b-0c95-4bb6-9dd0-21dd80aac6bc,Parent,Female,2005-09-16,Teen,No,Asthma,Mental,Full,7i6j2k1l-3h8o-4k6j-2l3m-9o0p1q2r3s4t,2022-07-01,2025-06-30
041e1c47-badf-4c7c-a773-1e5960c5d0e3,d1f865eb-1b9f-4d70-8a70-4c93031c9cba,Child,Male,2002-06-01,Adult,Unknown,Hypertension,Mental,None,8j7k3l2m-4i9p-4l7k-3m4n-0p1q2r3s4t5u,2021-09-15,2024-09-14
ea7fbed4-3622-47bb-977a-aad8bf1c01e4,fa30ed2e-3bae-43bc-a9a5-952bd95da115,Child,Male,1974-09-24,Adult,Unknown,Hypertension,Physical,None,9k8l4m3n-5j0q-4m8l-4n5o-1q2r3s4t5u6v,2020-11-01,2023-10-31
a080b77b-a471-47bf-bc89-6a6634a4d049,fa30ed2e-3bae-43bc-a9a5-952bd95da115,Child,Female,1971-08-28,Adult,No,Diabetes,None,Partial,9k8l4m3n-5j0q-4m8l-4n5o-1q2r3s4t5u6v,2020-11-01,2023-10-31
b26d4086-873a-4516-8011-3b89a9058dfd,e845b2e1-71a7-4a6f-bfe6-0537e7007084,Child,Male,1977-10-04,Adult,Unknown,Hypertension,Mental,Partial,0l9m5n4o-6k1r-4n9m-5o6p-2r3s4t5u6v7w,2021-01-15,2024-01-14
c586d26c-a2c8-45fc-a548-6b9f713da435,3e0f4eba-b20e-4380-85cb-33df8b07641d,Spouse,Male,1963-07-20,Senior,No,Hypertension,None,None,1m0n6o5p-7l2s-4o0n-6p7q-3s4t5u6v7w8x,2022-03-01,2025-02-28
4f79818f-c069-4c13-a8ed-add58a2e911c,3e0f4eba-b20e-4380-85cb-33df8b07641d,Spouse,Female,2008-04-06,Teen,Yes,Asthma,Physical,Full,1m0n6o5p-7l2s-4o0n-6p7q-3s4t5u6v7w8x,2022-03-01,2025-02-28
82a413d5-3e05-4745-98bc-5df77280b4ee,a4e08f15-50df-447e-a6fd-a1c1da326291,Spouse,Male,2018-09-21,Child,Yes,Asthma,None,Full,2n1o7p6q-8m3t-4p1o-7q8r-4t5u6v7w8x9y,2022-05-15,2025-05-14
77810e81-c43a-4def-b6dd-a6d2866d044a,a4e08f15-50df-447e-a6fd-a1c1da326291,Parent,Female,1983-02-20,Adult,Yes,Hypertension,Mental,Full,2n1o7p6q-8m3t-4p1o-7q8r-4t5u6v7w8x9y,2022-05-15,2025-05-14
28bf8970-1ce1-45db-979c-a795d2da6444,005fab98-5d3c-4ae8-a88d-d0f20e861bc9,Child,Female,1972-12-16,Adult,Yes,None,Mental,Full,3o2p8q7r-9n4u-4q2p-8r9s-5u6v7w8x9y0z,2021-07-01,2024-06-30
703efff0-4be7-40cb-9781-5983aef72d89,005fab98-5d3c-4ae8-a88d-d0f20e861bc9,Spouse,Male,1975-04-03,Adult,Unknown,None,Physical,Full,3o2p8q7r-9n4u-4q2p-8r9s-5u6v7w8x9y0z,2021-07-01,2024-06-30
2db7104d-883a-40bd-bd1c-23bbc18e06c7,005fab98-5d3c-4ae8-a88d-d0f20e861bc9,Child,Female,1998-04-20,Adult,No,None,Physical,Full,3o2p8q7r-9n4u-4q2p-8r9s-5u6v7w8x9y0z,2021-07-01,2024-06-30
e247c2fb-7659-4c8b-a7c5-c6c20fa5963e,4b2705ec-bc7b-45e7-904d-5e85e4a04104,Parent,Female,2003-06-09,Adult,Yes,Hypertension,Mental,Full,3a2b8c7d-9e4f-4c2b-8d1e-5f6a7b8c9d0e,2022-04-01,2025-03-31
d940aff7-bed6-40ae-8f4f-cad0997fa748,4b2705ec-bc7b-45e7-904d-5e85e4a04104,Child,Male,2015-08-28,Child,Yes,Hypertension,Physical,None,3a2b8c7d-9e4f-4c2b-8d1e-5f6a7b8c9d0e,2022-04-01,2025-03-31
154b078e-767a-4388-b354-30e66b88ca83,4b2705ec-bc7b-45e7-904d-5e85e4a04104,Spouse,Female,2021-11-22,Child,Unknown,Hypertension,Physical,Partial,3a2b8c7d-9e4f-4c2b-8d1e-5f6a7b8c9d0e,2022-04-01,2025-03-31
6af97008-ce98-4cac-b8a3-aca18053882f,51d8016a-2935-48e0-8033-482d0891a0d8,Spouse,Male,2006-10-11,Teen,No,None,None,Full,4b3c9d8e-0a5g-4d3c-9e2f-6g7h8i9j0k1l,2023-06-15,2026-06-14
8026fe6b-7cff-4ba2-8cdc-8c5764ea3a85,51d8016a-2935-48e0-8033-482d0891a0d8,Parent,Male,1954-04-09,Senior,No,Asthma,None,Partial,4b3c9d8e-0a5g-4d3c-9e2f-6g7h8i9j0k1l,2023-06-15,2026-06-14
035cd040-5f6b-4305-b211-0435b3dce620,e4c81a97-430d-42bd-afba-29643e75b46e,Spouse,Female,2023-11-17,Child,No,Hypertension,Mental,Full,5c4d0e9f-1b6h-4e4d-0f3g-7i8j9k0l1m2n,2021-02-01,2024-01-31
3150313b-0452-497d-92e1-d23cc68f5cc2,e4c81a97-430d-42bd-afba-29643e75b46e,Spouse,Female,1977-05-08,Adult,No,None,Physical,Partial,5c4d0e9f-1b6h-4e4d-0f3g-7i8j9k0l1m2n,2021-02-01,2024-01-31
f2731224-8838-4c13-b44d-74f53be6fe8e,cc743f28-2255-4f80-9252-ac99256ad36a,Child,Female,2022-05-16,Child,No,Diabetes,Physical,Full,8f7g3h2i-4e9k-4h7g-3i4j-0l1m2n3o4p5q,2023-03-10,2026-03-09
600379d9-1e8d-4884-81d6-ddbb41ddf45d,0e79be6e-e486-46f2-9328-ce5b9f4245ea,Spouse,Male,1990-05-11,Adult,Yes,Diabetes,None,Full,9g8h4i3j-5f0l-4i8h-4j5k-1m2n3o4p5q6r,2021-07-01,2024-06-30
eb473391-0db8-4c77-aa8f-74195589c603,4fd0e27f-0ea3-49ea-ab45-64e31a0e068f,Child,Female,1986-07-03,Adult,No,None,Mental,Partial,0h9i5j4k-6g1m-4j9i-5k6l-2n3o4p5q6r7s,2020-05-15,2023-05-14
4402013f-9f45-4025-b980-7b1230e142c5,74dfcb2b-f3c7-4c9d-a823-176ea07060d5,Parent,Female,2009-12-22,Teen,Yes,Asthma,Physical,Full,1i0j6k5l-7h2n-4k0j-6l7m-3o4p5q6r7s8t,2022-08-01,2025-07-31
69de5685-852b-477c-a557-beb9e232aa7f,74dfcb2b-f3c7-4c9d-a823-176ea07060d5,Child,Male,1985-08-23,Adult,Yes,None,None,Partial,1i0j6k5l-7h2n-4k0j-6l7m-3o4p5q6r7s8t,2022-08-01,2025-07-31
06b153f9-c1ce-47af-83e1-0bed7886946f,bf9d1c73-f34b-4223-b369-d1c747ef0929,Spouse,Male,1976-04-28,Adult,Unknown,Diabetes,None,Full,3k2l8m7n-9j4p-4m2l-8n9o-5q6r7s8t9u0v,2021-03-15,2024-03-14
0d0f8449-3dc8-44ac-bd1f-bab9e89e50c2,bf9d1c73-f34b-4223-b369-d1c747ef0929,Spouse,Female,2000-12-27,Adult,Unknown,None,None,Full,3k2l8m7n-9j4p-4m2l-8n9o-5q6r7s8t9u0v,2021-03-15,2024-03-14
1a71a238-c20c-456e-8598-33c7e62d96b1,2ebd32f8-70e3-4ac6-9236-8f002825212e,Parent,Female,1964-01-09,Senior,Yes,Hypertension,None,None,4l3m9n8o-0k5q-4n3m-9o0p-6r7s8t9u0v1w,2022-06-01,2025-05-31
0f6f2036-034e-49b0-8834-7a248fe7082b,2ebd32f8-70e3-4ac6-9236-8f002825212e,Child,Female,2007-03-23,Teen,No,None,None,None,4l3m9n8o-0k5q-4n3m-9o0p-6r7s8t9u0v1w,2022-06-01,2025-05-31
ba9e186f-f362-45b0-8332-9d258bd92b48,2d4dcc1f-c538-4261-8db4-3acdef18443b,Child,Female,1985-05-27,Adult,No,Diabetes,Mental,None,5m4n0o9p-1l6r-4o4n-0p1q-7s8t9u0v1w2x,2020-09-01,2023-08-31
1bb42971-4fc1-4734-9e9c-8b49aef655e4,2d4dcc1f-c538-4261-8db4-3acdef18443b,Child,Female,1984-02-05,Adult,Unknown,None,Physical,Full,5m4n0o9p-1l6r-4o4n-0p1q-7s8t9u0v1w2x,2020-09-01,2023-08-31
d790a159-182f-4ecf-96fa-06dfea356cf1,362977f2-968b-4db7-8d2f-0905ee78f731,Child,Female,1979-11-23,Adult,Yes,Diabetes,Physical,Full,6n5o1p0q-2m7s-4p5o-1q2r-8t9u0v1w2x3y,2021-11-15,2024-11-14
bd364335-ebb6-4a1b-9cac-61324fc4435c,362977f2-968b-4db7-8d2f-0905ee78f731,Parent,Female,2011-09-10,Teen,No,Hypertension,Mental,Full,6n5o1p0q-2m7s-4p5o-1q2r-8t9u0v1w2x3y,2021-11-15,2024-11-14
68c476a6-844f-498f-88b2-34fb5857939e,362977f2-968b-4db7-8d2f-0905ee78f731,Spouse,Female,2019-08-06,Child,Unknown,Hypertension,None,Partial,6n5o1p0q-2m7s-4p5o-1q2r-8t9u0v1w2x3y,2021-11-15,2024-11-14
07f4b8d6-f3ad-4575-ab9e-e7a23a5d9f09,041a0974-dd03-462c-83a5-3334c70b95ac,Spouse,Female,1993-04-06,Adult,Yes,Diabetes,Physical,Partial,7o6p2q1r-3n8u-4q6p-2r3s-9u0v1w2x3y4z,2023-02-01,2026-01-31
32a32b49-1aa6-41ce-b500-9ea30ea52d14,c89ee78b-633e-4ba0-8d52-f7c1dccfd939,Parent,Female,2019-03-19,Child,Unknown,Asthma,Mental,Full,2t1u7v6w-8s3z-4v1u-7w8x-4z5a6b7c8d9e,2023-01-15,2026-01-14
b8886a3f-3f1f-4c64-8727-a59237db6908,42ad9131-ea16-4e10-9a1d-613abb474ee9,Child,Male,1968-09-20,Adult,No,Diabetes,None,Partial,3u2v8w7x-9t4a-4w2v-8x9y-5a6b7c8d9e0f,2021-03-01,2024-02-28
31cb636d-cd60-4c16-8007-5995396ddfb5,42ad9131-ea16-4e10-9a1d-613abb474ee9,Child,Female,1991-11-14,Adult,Yes,Hypertension,Physical,Partial,3u2v8w7x-9t4a-4w2v-8x9y-5a6b7c8d9e0f,2021-03-01,2024-02-28
a7fabde2-65be-41ea-923b-96ac9aec9f6f,e58092c5-a260-4583-b060-9cf94254c369,Spouse,Female,1971-08-15,Adult,Unknown,Hypertension,Mental,Partial,4v3w9x8y-0u5b-4x3w-9y0z-6b7c8d9e0f1g,2022-05-15,2025-05-14
17a5caf8-7935-4531-80f5-746d25b0df6c,4c7a33b8-3971-49c7-b328-2064195222e3,Child,Female,1962-03-13,Senior,No,None,Physical,Full,6x5y1z0a-2w7d-4z5y-1a2b-8d9e0f1g2h3i,2021-09-15,2024-09-14
b547951c-a43b-4034-8ab5-166fc52fa475,c5e7ab3a-084c-4bd2-9da6-07a5df03e121,Spouse,Male,2004-12-14,Adult,Unknown,None,Mental,Full,7y6z2a1b-3x8e-4a6z-2b3c-9e0f1g2h3i4j,2022-11-01,2025-10-31
0ebb6c73-5e51-4086-9b42-388d353363b1,a4f5cdb1-8e70-4d92-8007-b7f4b9d1eda3,Parent,Male,1988-08-23,Adult,No,None,None,Full,8z7a3b2c-4y9f-4b7a-3c4d-0f1g2h3i4j5k,2021-01-15,2024-01-14
98e36955-dbd3-4ecd-8d48-3626606e53f8,a4f5cdb1-8e70-4d92-8007-b7f4b9d1eda3,Parent,Male,2015-12-28,Child,Unknown,Diabetes,None,Partial,8z7a3b2c-4y9f-4b7a-3c4d-0f1g2h3i4j5k,2021-01-15,2024-01-14
a9bff267-61e6-4e0a-81b6-cd1538d9bf76,a4f5cdb1-8e70-4d92-8007-b7f4b9d1eda3,Child,Male,1994-03-04,Adult,Yes,Hypertension,Physical,Partial,8z7a3b2c-4y9f-4b7a-3c4d-0f1g2h3i4j5k,2021-01-15,2024-01-14
ebb43fe6-1807-4fdc-836b-f6f743e111a0,d44bdbf2-e6bd-44a7-aa03-38b39e76a628,Parent,Female,1989-11-03,Adult,Yes,None,None,Full,9a8b4c3d-5z0g-4c8b-4d5e-1g2h3i4j5k6l,2020-03-01,2023-02-28
5d775aaf-99b3-4eed-9552-b40a9b8bf2fb,d44bdbf2-e6bd-44a7-aa03-38b39e76a628,Child,Male,1989-07-03,Adult,No,Diabetes,Physical,Full,9a8b4c3d-5z0g-4c8b-4d5e-1g2h3i4j5k6l,2020-03-01,2023-02-28
d61e3dc3-dd7a-4ab1-ac87-bf43441af00c,0211601d-a5c3-4339-a7ed-b34a8d18c4c3,Spouse,Female,1950-05-24,Senior,Unknown,Hypertension,None,Partial,0b9c5d4e-6a1h-4d9c-5e6f-2h3i4j5k6l7m,2021-05-15,2024-05-14
4d5f9f8b-cda1-4888-894c-9499f3f8e8d8,c81bba02-6afa-4aa6-85bf-90cd98561fcf,Parent,Male,1971-08-18,Adult,Unknown,Asthma,Physical,Full,1c0d6e5f-7b2i-4e0d-6f7g-3i4j5k6l7m8n,2022-07-01,2025-06-30
a312d317-8410-496e-9fce-391c3bbfa53d,c81bba02-6afa-4aa6-85bf-90cd98561fcf,Spouse,Male,1993-09-15,Adult,No,Asthma,Physical,Full,1c0d6e5f-7b2i-4e0d-6f7g-3i4j5k6l7m8n,2022-07-01,2025-06-30
5dfa259a-3fa8-4634-8afa-9e6846435886,c81bba02-6afa-4aa6-85bf-90cd98561fcf,Child,Male,1995-10-30,Adult,No,None,Physical,Partial,1c0d6e5f-7b2i-4e0d-6f7g-3i4j5k6l7m8n,2022-07-01,2025-06-30
8a7118fd-c58c-4d30-94db-e86c0d90c64d,900e115c-01ac-4186-a8b3-a4f9b8d1a34b,Child,Male,1970-02-02,Adult,Unknown,None,Mental,Partial,2d1e7f6g-8c3j-4f1e-7g8h-4j5k6l7m8n9o,2022-09-15,2025-09-14
07cb6e56-7234-4393-ab4c-82602cad618f,900e115c-01ac-4186-a8b3-a4f9b8d1a34b,Spouse,Male,1951-06-26,Senior,No,Hypertension,None,Full,2d1e7f6g-8c3j-4f1e-7g8h-4j5k6l7m8n9o,2022-09-15,2025-09-14
7cba875f-a949-4321-9117-fb6190c586f9,900e115c-01ac-4186-a8b3-a4f9b8d1a34b,Spouse,Male,1999-02-01,Adult,Yes,Asthma,Mental,Full,2d1e7f6g-8c3j-4f1e-7g8h-4j5k6l7m8n9o,2022-09-15,2025-09-14
fc9d6968-a1b8-45f6-92f5-a7270895cb73,a19354a6-f464-4ea6-936f-bd330521019a,Child,Female,1982-07-20,Adult,Unknown,Asthma,Physical,Full,3e2f8g7h-9d4k-4g2f-8h9i-5k6l7m8n9o0p,2020-11-01,2023-10-31
64040ed8-bb97-4bf4-b7fd-e3c7f025d810,18c7129a-c21b-4009-a74a-c634b4a99dbb,Parent,Female,2012-01-21,Teen,Yes,Asthma,Physical,Full,4f3g9h8i-0e5l-4h3g-9i0j-6l7m8n9o0p1q,2022-01-15,2025-01-14
a991b9ce-739f-4a82-9b45-8cac640f81ac,9a72006a-4545-4313-8753-d0061e78f50e,Child,Female,1963-10-20,Senior,Yes,Hypertension,Mental,None,5g4h0i9j-1f6m-4i4h-0j1k-7m8n9o0p1q2r,2021-03-01,2024-02-28
c01f6dfc-d33b-4b39-a3b6-301b7020204a,9a72006a-4545-4313-8753-d0061e78f50e,Parent,Male,1960-08-28,Senior,Unknown,Diabetes,None,Full,5g4h0i9j-1f6m-4i4h-0j1k-7m8n9o0p1q2r,2021-03-01,2024-02-28
339e6ee6-3d5e-4d1b-85c6-acdda5c6a512,6918191a-1b55-4d93-936d-cfaa39059ea6,Spouse,Female,1967-03-31,Adult,Yes,Asthma,Mental,Partial,6h5i1j0k-2g7n-4j5i-1k2l-8n9o0p1q2r3s,2020-05-15,2023-05-14
22537c8d-e202-4337-b149-65cce183288c,6918191a-1b55-4d93-936d-cfaa39059ea6,Parent,Female,1956-08-27,Senior,No,None,Mental,None,6h5i1j0k-2g7n-4j5i-1k2l-8n9o0p1q2r3s,2020-05-15,2023-05-14
f3583164-0b49-40ba-9677-9542ffee7c5b,6918191a-1b55-4d93-936d-cfaa39059ea6,Child,Male,1982-01-11,Adult,No,Hypertension,Physical,Partial,6h5i1j0k-2g7n-4j5i-1k2l-8n9o0p1q2r3s,2020-05-15,2023-05-14
5931b600-c7d5-4ef8-bef3-747051240a91,0e7e6b5a-09e8-44c7-ab99-0b65fddf8697,Spouse,Female,1957-06-08,Senior,Yes,Hypertension,Mental,Full,8j7k3l2m-4i9p-4l7k-3m4n-0p1q2r3s4t5u,2021-09-15,2024-09-14
cf708db2-8f48-4a36-a7e5-e93a101ea6b1,0e7e6b5a-09e8-44c7-ab99-0b65fddf8697,Parent,Female,1998-10-23,Adult,Yes,Diabetes,Mental,Full,8j7k3l2m-4i9p-4l7k-3m4n-0p1q2r3s4t5u,2021-09-15,2024-09-14
e2794ed8-f211-4e2b-97ab-47489c9b794a,133a6b00-acfe-4129-9405-af14dd8a14e1,Spouse,Female,2013-10-13,Child,No,Asthma,Physical,Partial,0l9m5n4o-6k1r-4n9m-5o6p-2r3s4t5u6v7w,2021-01-15,2024-01-14
fd6de18e-0d0d-4c92-bd83-24f07f26da04,133a6b00-acfe-4129-9405-af14dd8a14e1,Spouse,Male,1989-08-10,Adult,Unknown,None,Mental,None,0l9m5n4o-6k1r-4n9m-5o6p-2r3s4t5u6v7w,2021-01-15,2024-01-14
ec35613a-102d-4605-a4d4-75b83f0d62b2,133a6b00-acfe-4129-9405-af14dd8a14e1,Spouse,Male,2010-12-29,Teen,Yes,Hypertension,Physical,None,0l9m5n4o-6k1r-4n9m-5o6p-2r3s4t5u6v7w,2021-01-15,2024-01-14
b69315a8-fb8e-4b48-8da5-2d62b2aa82c9,ec5b628b-c9b9-4738-bf8c-9444fd2b0562,Spouse,Female,2001-01-21,Adult,No,Hypertension,Physical,None,2n1o7p6q-8m3t-4p1o-7q8r-4t5u6v7w8x9y,2022-05-15,2025-05-14
3f3e4bb8-9644-49bf-b01f-36e2463ead42,305a4a45-2667-495a-8ee5-570b078bef99,Child,Female,1993-01-24,Adult,Yes,Asthma,None,Partial,3o2p8q7r-9n4u-4q2p-8r9s-5u6v7w8x9y0z,2021-07-01,2024-06-30
6734408a-6e78-47ba-9ef0-d863b4fbeaa5,305a4a45-2667-495a-8ee5-570b078bef99,Spouse,Female,1984-12-12,Adult,No,Hypertension,None,Full,3o2p8q7r-9n4u-4q2p-8r9s-5u6v7w8x9y0z,2021-07-01,2024-06-30
b5ff3f26-9a9a-42be-a075-9b803fd6644f,305a4a45-2667-495a-8ee5-570b078bef99,Parent,Female,1999-01-11,Adult,No,Diabetes,Physical,None,3o2p8q7r-9n4u-4q2p-8r9s-5u6v7w8x9y0z,2021-07-01,2024-06-30
1b572090-3804-460b-8b89-1f931a8dbc5b,380c7955-015b-427f-a8a1-8ae1ad6705e0,Parent,Female,1988-04-30,Adult,Unknown,None,Mental,None,5q4r0s9t-1p6w-4s4r-0t1u-7w8x9y0z1a2b,2020-11-15,2023-11-14
cbb9529e-3e86-4090-8c7e-558a05eb7794,380c7955-015b-427f-a8a1-8ae1ad6705e0,Parent,Female,1991-05-01,Adult,Yes,None,Mental,Full,5q4r0s9t-1p6w-4s4r-0t1u-7w8x9y0z1a2b,2020-11-15,2023-11-14
7c54b09c-37af-4bfb-b643-0f014f3e6033,380c7955-015b-427f-a8a1-8ae1ad6705e0,Spouse,Female,2007-02-09,Teen,Yes,Hypertension,Mental,None,5q4r0s9t-1p6w-4s4r-0t1u-7w8x9y0z1a2b,2020-11-15,2023-11-14
48a1e085-1e53-43ef-a024-c27adf69a720,3f025ed7-dff9-4fd0-a611-07d79d4ee418,Spouse,Female,1976-09-20,Adult,No,Asthma,None,Full,6r5s1t0u-2q7x-4t5s-1u2v-8x9y0z1a2b3c,2021-01-01,2023-12-31
2958c75b-0571-4705-a740-ba5db5cc9655,e4116b73-d36a-4b25-b6c1-d076fee3f99b,Spouse,Male,1998-08-09,Adult,Unknown,None,Physical,Full,9u8v4w3x-5t0a-4w8v-4x5y-1a2b3c4d5e6f,2020-07-01,2023-06-30
76fa466e-77b6-4746-b9e7-48c2b1440bda,f5142b33-1a92-4c5c-8918-16c1be87ca1e,Parent,Male,2013-07-20,Child,Yes,None,None,Full,0v9w5x4y-6u1b-4x9w-5y6z-2b3c4d5e6f7g,2021-09-15,2024-09-14
60863508-a308-4fe3-8f8a-903f89407246,f5142b33-1a92-4c5c-8918-16c1be87ca1e,Child,Female,1976-09-18,Adult,Yes,None,None,Partial,0v9w5x4y-6u1b-4x9w-5y6z-2b3c4d5e6f7g,2021-09-15,2024-09-14
6ffa6860-7692-493b-ac81-a957230f4603,f5142b33-1a92-4c5c-8918-16c1be87ca1e,Spouse,Female,1998-10-28,Adult,Unknown,Hypertension,Physical,Full,0v9w5x4y-6u1b-4x9w-5y6z-2b3c4d5e6f7g,2021-09-15,2024-09-14
bf472ba6-806f-48d8-a776-3daa090248d4,3e37c0c8-7897-4889-884d-be572a54b95f,Child,Female,2001-06-16,Adult,Yes,None,Mental,None,1w0x6y5z-7v2c-4y0x-6z7a-3c4d5e6f7g8h,2022-11-01,2025-10-31
fd1aacce-ff3e-4567-967e-e10de81f6716,0e7e451c-4cea-42b2-8268-f764da714562,Child,Male,2000-02-01,Adult,Yes,None,Physical,Full,3y2z8a7b-9x4e-4a2z-8b9c-5e6f7g8h9i0j,2021-03-01,2024-02-28
e9fd95d3-562d-4948-bea9-c8b9d8efb0b1,0e7e451c-4cea-42b2-8268-f764da714562,Spouse,Female,1965-09-02,Adult,Unknown,Hypertension,None,Full,3y2z8a7b-9x4e-4a2z-8b9c-5e6f7g8h9i0j,2021-03-01,2024-02-28
23f1e1db-3f1e-4e5f-8b87-95ff05e8a715,574ced51-4dd5-4ff3-aa87-a69f6e571511,Spouse,Female,2023-01-05,Child,Unknown,Asthma,Physical,Partial,5a4b0c9d-1z6g-4c4b-0d1e-7g8h9i0j1k2l,2020-07-01,2023-06-30
f581244c-968d-4385-8058-594b48eba099,574ced51-4dd5-4ff3-aa87-a69f6e571511,Spouse,Male,1985-11-01,Adult,Unknown,Hypertension,Physical,None,5a4b0c9d-1z6g-4c4b-0d1e-7g8h9i0j1k2l,2020-07-01,2023-06-30
9a868776-5d38-46cf-bafe-10abafc76786,bf7271f9-4316-4809-af1a-7ac10b7ac117,Child,Female,2011-10-02,Teen,Unknown,None,None,Full,6b5c1d0e-2a7h-4d5c-1e2f-8h9i0j1k2l3m,2021-09-15,2024-09-14
d388d759-6143-44a4-a870-33eeda992bde,bf7271f9-4316-4809-af1a-7ac10b7ac117,Spouse,Male,1961-07-07,Senior,Unknown,Asthma,Mental,Full,6b5c1d0e-2a7h-4d5c-1e2f-8h9i0j1k2l3m,2021-09-15,2024-09-14
13653c7b-d9e8-4316-affb-01be81fa9abe,bf7271f9-4316-4809-af1a-7ac10b7ac117,Child,Male,2000-02-21,Adult,Yes,Hypertension,Physical,None,6b5c1d0e-2a7h-4d5c-1e2f-8h9i0j1k2l3m,2021-09-15,2024-09-14
37785744-c6dd-40a1-8198-809a269d4d6a,5c7de03b-2cbb-4afb-a49c-3aa9d2e7bb84,Spouse,Male,1955-05-05,Senior,Unknown,Diabetes,Physical,None,8d7e3f2g-4c9j-4f7e-3g4h-0j1k2l3m4n5o,2021-01-15,2024-01-14
e24fd5cc-d199-445d-aae8-a75f5117b7e7,5c7de03b-2cbb-4afb-a49c-3aa9d2e7bb84,Parent,Male,1973-07-18,Adult,Yes,Hypertension,None,Full,8d7e3f2g-4c9j-4f7e-3g4h-0j1k2l3m4n5o,2021-01-15,2024-01-14
cff0225d-f7ae-4d43-baa1-5f95cb6df6c8,5c7de03b-2cbb-4afb-a49c-3aa9d2e7bb84,Parent,Male,2023-08-26,Child,Unknown,None,Physical,None,8d7e3f2g-4c9j-4f7e-3g4h-0j1k2l3m4n5o,2021-01-15,2024-01-14
a5620b18-3131-4b61-9914-27cca3f0ff2e,af690004-025a-4816-bb6b-8585ecb95a17,Parent,Female,1958-01-27,Senior,Unknown,Hypertension,Physical,Full,2h1i7j6k-8g3n-4j1i-7k8l-4n5o6p7q8r9s,2022-09-15,2025-09-14
2dab7f88-a54e-4890-9746-6a1a78c9f75d,527543e3-423c-43b8-9930-85f5f354f515,Child,Female,2017-09-12,Child,No,Diabetes,Mental,None,4j3k9l8m-0i5p-4l3k-9m0n-6p7q8r9s0t1u,2022-01-15,2025-01-14
399cd107-52d8-4620-ae5b-426f52294465,682cf030-8ba5-4f1b-8512-499922fe95f9,Parent,Male,1993-12-12,Adult,Yes,None,Mental,Full,5k4l0m9n-1j6q-4m4l-0n1o-7q8r9s0t1u2v,2021-03-01,2024-02-28
a523f3b3-2561-4e78-9fac-626e769cddbc,682cf030-8ba5-4f1b-8512-499922fe95f9,Spouse,Female,1977-05-02,Adult,Unknown,Diabetes,Physical,None,5k4l0m9n-1j6q-4m4l-0n1o-7q8r9s0t1u2v,2021-03-01,2024-02-28
1d642f19-c60e-46f2-8b0d-89559069a5aa,682cf030-8ba5-4f1b-8512-499922fe95f9,Spouse,Female,1976-08-05,Adult,Yes,None,Mental,None,5k4l0m9n-1j6q-4m4l-0n1o-7q8r9s0t1u2v,2021-03-01,2024-02-28
459e253c-8365-4fc5-b6fb-3e16e9e78d43,c1fd2c93-c383-4077-82a8-1c1289b3eebe,Spouse,Male,1985-08-04,Adult,Yes,Asthma,Mental,None,7m6n2o1p-3l8s-4o6n-2p3q-9s0t1u2v3w4x,2022-07-01,2025-06-30
a4b39bf4-54ac-4664-bfd6-48954a84d869,c1fd2c93-c383-4077-82a8-1c1289b3eebe,Parent,Male,1999-09-16,Adult,Yes,Asthma,Mental,None,7m6n2o1p-3l8s-4o6n-2p3q-9s0t1u2v3w4x,2022-07-01,2025-06-30
32ed96c0-ca17-4603-8dde-fff91d934cbf,e85ea158-9460-41c6-8991-31652393ad69,Child,Male,1955-02-22,Senior,No,None,Mental,Partial,9o8p4q3r-5n0u-4q8p-4r5s-1u2v3w4x5y6z,2020-11-01,2023-10-31
4df0a9fb-cd1b-4b41-86cd-d3212c4f5390,e85ea158-9460-41c6-8991-31652393ad69,Parent,Female,1989-12-30,Adult,No,Hypertension,Physical,Full,9o8p4q3r-5n0u-4q8p-4r5s-1u2v3w4x5y6z,2020-11-01,2023-10-31
9504768a-e7e3-4a48-97cd-91bfa6e180e3,dc3c176e-b310-4078-8c21-b5dbabe46fd6,Spouse,Female,1966-11-18,Adult,No,Diabetes,Physical,Full,0p9q5r4s-6o1v-4r9q-5s6t-2v3w4x5y6z7a,2021-01-15,2024-01-14
9de85af6-fcfc-4873-92e4-7c4d2e8e48ec,dc3c176e-b310-4078-8c21-b5dbabe46fd6,Spouse,Female,1963-02-03,Senior,No,Hypertension,Mental,None,0p9q5r4s-6o1v-4r9q-5s6t-2v3w4x5y6z7a,2021-01-15,2024-01-14
74c6ec23-324e-4e78-b545-01d4ab62be6a,c94cffc6-3a2f-4950-880d-1f83b0d02f08,Spouse,Female,2002-06-01,Adult,Yes,Diabetes,None,None,1q0r6s5t-7p2w-4s0r-6t7u-3w4x5y6z7a8b,2022-03-01,2025-02-28
2665d062-d68c-4c45-95bc-1899a5d0ae28,26e3e314-6c4e-4962-bec2-b0af787a9487,Spouse,Male,1966-05-16,Adult,Unknown,None,Mental,Partial,2r1s7t6u-8q3x-4t1s-7u8v-4x5y6z7a8b9c,2022-05-15,2025-05-14
0304a590-5831-4c1f-93b8-2c6d8bd19f5c,26e3e314-6c4e-4962-bec2-b0af787a9487,Parent,Male,1971-02-16,Adult,Yes,Diabetes,Physical,Full,2r1s7t6u-8q3x-4t1s-7u8v-4x5y6z7a8b9c,2022-05-15,2025-05-14
bf3e9f2f-03e9-42e7-933f-27457f93bb0a,c69d13cc-20fe-4635-8590-bac90e5c6c7c,Child,Male,2017-07-12,Child,Yes,None,Physical,None,4t3u9v8w-0s5z-4v3u-9w0x-6z7a8b9c0d1e,2022-09-15,2025-09-14
57e5690c-858d-48a0-bdf3-24b6c42e39a9,c69d13cc-20fe-4635-8590-bac90e5c6c7c,Parent,Female,1974-06-10,Adult,Unknown,Diabetes,None,Full,4t3u9v8w-0s5z-4v3u-9w0x-6z7a8b9c0d1e,2022-09-15,2025-09-14
bd809712-2109-4ff5-8e50-980144dd31e9,c69d13cc-20fe-4635-8590-bac90e5c6c7c,Parent,Female,1991-12-25,Adult,Yes,Hypertension,Physical,Full,4t3u9v8w-0s5z-4v3u-9w0x-6z7a8b9c0d1e,2022-09-15,2025-09-14
358b216d-c8b2-4a1a-8467-c8b4cd79d32e,5318eadc-87ca-4d8c-8f3d-c27d1bd048b9,Child,Female,2011-08-21,Teen,Unknown,Asthma,None,Full,5u4v0w9x-1t6a-4w4v-0x1y-7a8b9c0d1e2f,2020-11-01,2023-10-31
b9ec6f24-65ed-40cb-a1b2-b098e3faa4a8,5318eadc-87ca-4d8c-8f3d-c27d1bd048b9,Parent,Female,1977-06-10,Adult,No,Asthma,Mental,Partial,5u4v0w9x-1t6a-4w4v-0x1y-7a8b9c0d1e2f,2020-11-01,2023-10-31
616fc22c-f090-4884-aceb-22e9bfd71487,5318eadc-87ca-4d8c-8f3d-c27d1bd048b9,Child,Female,2016-04-25,Child,No,Asthma,Physical,Partial,5u4v0w9x-1t6a-4w4v-0x1y-7a8b9c0d1e2f,2020-11-01,2023-10-31
1052d067-3787-46fc-abfc-8a5f6c23be3f,6c57459a-c7e1-446f-9b1b-73e1803d2ca3,Parent,Female,2008-09-02,Teen,No,Hypertension,Physical,Partial,6v5w1x0y-2u7b-4x5w-1y2z-8b9c0d1e2f3g,2021-01-15,2024-01-14
a9bc1644-12fa-4d30-8b29-87ff32f717e3,6c57459a-c7e1-446f-9b1b-73e1803d2ca3,Child,Female,1962-07-02,Senior,Yes,None,Physical,Partial,6v5w1x0y-2u7b-4x5w-1y2z-8b9c0d1e2f3g,2021-01-15,2024-01-14
3175537b-a854-4d37-b35c-878bdb2629d5,6c57459a-c7e1-446f-9b1b-73e1803d2ca3,Spouse,Female,1982-06-29,Adult,Unknown,None,Physical,Full,6v5w1x0y-2u7b-4x5w-1y2z-8b9c0d1e2f3g,2021-01-15,2024-01-14
fbd3e830-d0d8-4453-87e0-7cacb1670da3,1b1468dd-303b-4305-81d3-83b5c9e6d9cf,Spouse,Female,2005-09-03,Teen,Unknown,Diabetes,Mental,None,8x7y3z2a-4w9d-4z7y-3a4b-0d1e2f3g4h5i,2022-05-01,2025-04-30
f869728d-55ad-4a05-a69f-4e6efc9f0870,1b1468dd-303b-4305-81d3-83b5c9e6d9cf,Parent,Male,1971-08-29,Adult,No,Hypertension,Physical,Full,8x7y3z2a-4w9d-4z7y-3a4b-0d1e2f3g4h5i,2022-05-01,2025-04-30
c5804dd2-4dc9-4ae2-b838-ea56f440df76,b5c79e71-ac53-4799-bfe8-120540d5cdf1,Parent,Male,1953-02-19,Senior,Yes,Hypertension,Physical,Partial,9y8z4a3b-5x0e-4a8z-4b5c-1e2f3g4h5i6j,2020-07-01,2023-06-30
816ac238-edc7-49c9-8e3d-53e8ec23d4c6,b5c79e71-ac53-4799-bfe8-120540d5cdf1,Spouse,Female,2009-08-07,Teen,Unknown,Hypertension,None,Full,9y8z4a3b-5x0e-4a8z-4b5c-1e2f3g4h5i6j,2020-07-01,2023-06-30
0147c051-a58d-412b-9cdf-2f2457fcaf79,aad1d78b-8551-4ff9-a435-b3bb0a543c10,Parent,Female,1985-03-28,Adult,Unknown,Asthma,Mental,None,0z9a5b4c-6y1f-4b9a-5c6d-2f3g4h5i6j7k,2021-09-15,2024-09-14
c61d4b07-b5dc-4e26-abcf-e5c21bc7d91d,aad1d78b-8551-4ff9-a435-b3bb0a543c10,Parent,Female,2004-11-04,Adult,No,Asthma,Physical,Partial,0z9a5b4c-6y1f-4b9a-5c6d-2f3g4h5i6j7k,2021-09-15,2024-09-14
6ad672fa-9d24-4d50-882c-3b0677baa4ed,aad1d78b-8551-4ff9-a435-b3bb0a543c10,Spouse,Male,1963-08-01,Senior,Yes,None,Physical,Partial,0z9a5b4c-6y1f-4b9a-5c6d-2f3g4h5i6j7k,2021-09-15,2024-09-14
647e6434-ea12-46b0-ad34-8cd17255f283,34cfa4c1-994f-426d-a8b8-62610cb770c7,Parent,Male,1971-03-18,Adult,No,Diabetes,Physical,Partial,6b5c4d3e-2f1g-4h0i-9j8k-7l6m5n4o3p2q,2021-08-15,2024-08-14
1b123bb3-f691-40e6-b257-d038b53b8383,34cfa4c1-994f-426d-a8b8-62610cb770c7,Spouse,Female,2019-04-22,Child,Unknown,None,Mental,None,6b5c4d3e-2f1g-4h0i-9j8k-7l6m5n4o3p2q,2021-08-15,2024-08-14
d06863a8-0a0a-4ec7-beb9-3c639127f359,34cfa4c1-994f-426d-a8b8-62610cb770c7,Child,Female,2003-01-30,Adult,No,Diabetes,Physical,Partial,6b5c4d3e-2f1g-4h0i-9j8k-7l6m5n4o3p2q,2021-08-15,2024-08-14
bc64b1c4-71fe-4d3c-bd3e-71fc9e3c01cd,b9bcf904-df4e-40b4-aed8-2eb5da00f18c,Child,Male,1964-02-23,Senior,Yes,Diabetes,Mental,Full,7c6d5e4f-3g2h-4i1j-0k9l-8m7n6o5p4q3r,2022-10-01,2025-09-30
4394603f-ff09-4fa2-8b07-ed4bf74a42c3,1539fb23-16e0-4eb1-b884-35d36867ae7f,Spouse,Female,2011-08-19,Teen,Yes,Diabetes,None,None,8d7e6f5g-4h3i-4j2k-1l0m-9n8o7p6q5r4s,2020-12-15,2023-12-14
7a85b53d-a114-40e1-aaf1-ba97f4e97f84,6209fca9-9981-4547-8071-91679c7d3243,Spouse,Female,2012-04-28,Teen,Unknown,Asthma,None,Full,0f9g8h7i-6j5k-4l4m-3n2o-1q0r9s8t7u6v,2023-04-15,2026-04-14
b9d8c616-ad57-481f-9b92-5c911e3aa251,6209fca9-9981-4547-8071-91679c7d3243,Parent,Female,1998-01-18,Adult,Yes,Hypertension,Physical,Full,0f9g8h7i-6j5k-4l4m-3n2o-1q0r9s8t7u6v,2023-04-15,2026-04-14
5f5a44f9-5845-431c-9c9b-19ddd9168556,6209fca9-9981-4547-8071-91679c7d3243,Spouse,Female,2017-01-16,Child,Yes,None,None,Full,0f9g8h7i-6j5k-4l4m-3n2o-1q0r9s8t7u6v,2023-04-15,2026-04-14
8ac37c66-e843-4cf0-8bcb-f613e3bd92bb,a445420f-dc49-4cbf-b433-cf9a7e4cbbb9,Child,Male,1986-08-02,Adult,No,Diabetes,Physical,None,2h1i0j9k-8l7m-4n6o-5p4q-3s2t1u0v9w8x,2020-08-15,2023-08-14
2bca9944-b2e0-48cc-8bd9-0dcf13da2504,f390f1bc-1503-415a-a112-555096cd4acb,Parent,Male,2010-04-21,Teen,No,None,Mental,Full,3i2j1k0l-9m8n-4o7p-6q5r-4t3u2v1w0x9y,2021-10-01,2024-09-30
3413e552-ed02-4b90-9ca0-53251469de15,f390f1bc-1503-415a-a112-555096cd4acb,Child,Female,1981-05-23,Adult,Unknown,Diabetes,Physical,None,3i2j1k0l-9m8n-4o7p-6q5r-4t3u2v1w0x9y,2021-10-01,2024-09-30
042fad83-40e9-43e2-a51b-e88879d47673,f390f1bc-1503-415a-a112-555096cd4acb,Parent,Female,1994-03-24,Adult,Unknown,Asthma,Mental,None,3i2j1k0l-9m8n-4o7p-6q5r-4t3u2v1w0x9y,2021-10-01,2024-09-30
c069921f-3d0b-4407-903a-8e591fc8fe52,955d2df5-01d5-4932-963f-7bf514bc04a0,Child,Male,1979-06-15,Adult,Unknown,Hypertension,None,None,4j3k2l1m-0n9o-4p8q-7r6s-5u4v3w2x1y0z,2022-12-15,2025-12-14
6a8c3884-86bf-4ea6-9262-003262172a3d,f5d7570d-823a-4a37-b04f-5558ed91e8d9,Spouse,Male,1961-02-24,Senior,No,Diabetes,Mental,None,5k4l3m2n-1o0p-4q9r-8s7t-6v5w4x3y2z1a,2023-02-01,2026-01-31
d3d4417f-bd32-406b-976e-ffacc0ce4b07,f5d7570d-823a-4a37-b04f-5558ed91e8d9,Spouse,Male,2006-07-17,Teen,Yes,Asthma,None,Full,5k4l3m2n-1o0p-4q9r-8s7t-6v5w4x3y2z1a,2023-02-01,2026-01-31
4ad2e522-018d-4435-8f24-d3fba0523f67,f5d7570d-823a-4a37-b04f-5558ed91e8d9,Spouse,Male,1955-05-07,Senior,Yes,Diabetes,Physical,Partial,5k4l3m2n-1o0p-4q9r-8s7t-6v5w4x3y2z1a,2023-02-01,2026-01-31
b0c569a8-bb15-468c-a0ca-9b5754d09851,475df907-0324-4d52-b560-221ff7302b1f,Spouse,Male,1973-11-19,Adult,Unknown,None,None,None,6l5m4n3o-2p1q-4r0s-9t8u-7w6x5y4z3a2b,2021-04-15,2024-04-14
a0e2fa2d-69c9-4ea7-a57f-ff8d8220e534,475df907-0324-4d52-b560-221ff7302b1f,Spouse,Female,2012-02-23,Teen,Unknown,Asthma,Mental,Full,6l5m4n3o-2p1q-4r0s-9t8u-7w6x5y4z3a2b,2021-04-15,2024-04-14
88260b3b-6c72-49e5-ba55-016b1021b6f9,1e415e5d-3fa9-4020-9603-cb4670f0f177,Spouse,Male,1966-06-09,Adult,No,Hypertension,Physical,Full,7m6n5o4p-3q2r-4s1t-0u9v-8x7y6z5a4b3c,2022-06-01,2025-05-31
05b94d16-5ed3-452d-8169-8eb665f92b50,1e415e5d-3fa9-4020-9603-cb4670f0f177,Child,Male,1953-12-15,Senior,Yes,Diabetes,Mental,None,7m6n5o4p-3q2r-4s1t-0u9v-8x7y6z5a4b3c,2022-06-01,2025-05-31
79b596bb-627a-4079-8415-a1acd8d00420,1e415e5d-3fa9-4020-9603-cb4670f0f177,Child,Female,1986-12-30,Adult,Unknown,Asthma,Mental,Partial,7m6n5o4p-3q2r-4s1t-0u9v-8x7y6z5a4b3c,2022-06-01,2025-05-31
0715eeb0-acfd-45de-8824-d720b17025ee,f5816bc3-e0c5-4b4d-819f-96395c63e65a,Spouse,Female,2017-01-16,Child,Yes,None,Physical,Partial,8n7o6p5q-4r3s-4t2u-1v0w-9y8z7a6b5c4d,2020-08-15,2023-08-14
c060bcdd-4ce8-41dd-afae-d8e7a8cf1a1d,f5816bc3-e0c5-4b4d-819f-96395c63e65a,Spouse,Male,1955-02-11,Senior,No,Hypertension,None,Full,8n7o6p5q-4r3s-4t2u-1v0w-9y8z7a6b5c4d,2020-08-15,2023-08-14
acac0c5b-5d50-4ca7-9176-13b91157f655,e77eb61b-abc1-43ba-b146-d87e3b2d358b,Parent,Female,1996-05-01,Adult,Unknown,None,Mental,None,9o8p7q6r-5s4t-4u3v-2w1x-0z9a8b7c6d5e,2021-10-01,2024-09-30
0bf3c49a-0747-43e4-a1f2-d780aba558ed,c0c84bf0-6a5b-41be-b917-763717affb04,Child,Female,1965-09-21,Adult,Yes,Hypertension,None,Full,2r1s0t9u-8v7w-4x6y-5z4a-3c2d1e0f9g8h,2020-04-15,2023-04-14
013e8371-4877-4dda-abb8-bf2fdd9ebdab,c0c84bf0-6a5b-41be-b917-763717affb04,Parent,Male,2017-05-28,Child,Yes,Diabetes,Physical,Full,2r1s0t9u-8v7w-4x6y-5z4a-3c2d1e0f9g8h,2020-04-15,2023-04-14
bc1921e3-4e63-4ae8-afa1-8f0cc10fe71f,a486ef58-0915-4435-9476-fb66ca0550dc,Spouse,Female,2009-02-14,Teen,Yes,Asthma,Mental,Full,3s2t1u0v-9w8x-4y7z-6a5b-4d3e2f1g0h9i,2021-06-01,2024-05-31
f6c6e94e-f81a-4396-8d5b-bdb6874ae726,a486ef58-0915-4435-9476-fb66ca0550dc,Spouse,Female,1976-09-10,Adult,Yes,Hypertension,None,Partial,3s2t1u0v-9w8x-4y7z-6a5b-4d3e2f1g0h9i,2021-06-01,2024-05-31
4a99a230-083f-4dc3-bc6f-091349c23823,bfede323-ec9f-4964-807b-fe5d5b62b024,Parent,Female,1965-12-30,Adult,Yes,Asthma,None,None,4t3u2v1w-0x9y-4z8a-7b6c-5e4f3g2h1i0j,2022-08-15,2025-08-14
9f187132-d64e-40f5-adcd-e504a2db5a76,d5f8046b-7aab-45fd-a381-3c8d3b7b2d1a,Parent,Female,2012-05-20,Child,Unknown,Diabetes,Physical,Partial,6v5w4x3y-2z1a-4b0c-9d8e-7g6h5i4j3k2l,2021-12-15,2024-12-14
a079edc9-9e60-4fb2-ad67-289c974854d8,d5f8046b-7aab-45fd-a381-3c8d3b7b2d1a,Child,Male,1976-12-20,Adult,Unknown,Hypertension,None,Full,6v5w4x3y-2z1a-4b0c-9d8e-7g6h5i4j3k2l,2021-12-15,2024-12-14
212f20bd-5311-4d30-af24-7ae5863b94bc,d5f8046b-7aab-45fd-a381-3c8d3b7b2d1a,Parent,Female,1971-04-06,Adult,Yes,Diabetes,Physical,None,6v5w4x3y-2z1a-4b0c-9d8e-7g6h5i4j3k2l,2021-12-15,2024-12-14
d55c4e33-a37a-4422-95d3-3d2d533c89b7,91d9f08a-f97c-4e89-9848-a3f8e7015709,Child,Male,1972-10-27,Adult,No,Hypertension,Physical,Partial,7w6x5y4z-3a2b-4c1d-0e9f-8i7j6k5l4m3n,2023-02-01,2026-01-31
0f463e2c-d42f-4f9e-883b-d66e9ec6b00c,72312f9a-1450-47ec-9cd6-133f42d79796,Spouse,Male,1984-12-31,Adult,Yes,Asthma,None,None,0z9a8b7c-6d5e-4f4g-3h2i-1l0m9n8o7p6q,2022-08-15,2025-08-14
0a5e86be-0ba2-4cea-8b02-f9848631575c,bdc15feb-0da7-4022-8cda-622beea5049d,Spouse,Male,1958-04-02,Senior,No,None,Mental,None,2b1c0d9e-8f7g-4h6i-5j4k-3n2o1p0q9r8s,2020-12-15,2023-12-14
a61107a3-2903-4a32-9636-4caaa4eabf8b,bdc15feb-0da7-4022-8cda-622beea5049d,Spouse,Male,1986-05-17,Adult,No,Asthma,Physical,Partial,2b1c0d9e-8f7g-4h6i-5j4k-3n2o1p0q9r8s,2020-12-15,2023-12-14
f01e8a97-eca0-4191-8b54-836d6b545fc9,49ad13d7-7218-4441-b02d-b2a136bbd2b6,Spouse,Female,2003-10-19,Adult,Unknown,Hypertension,Physical,None,3c2d1e0f-9g8h-4i7j-6k5l-4o3p2q1r0s9t,2022-02-01,2025-01-31
bed9b684-ee07-4855-afd6-9eaa9bcc4767,49ad13d7-7218-4441-b02d-b2a136bbd2b6,Parent,Female,2009-12-24,Teen,Unknown,Hypertension,Mental,Full,3c2d1e0f-9g8h-4i7j-6k5l-4o3p2q1r0s9t,2022-02-01,2025-01-31
a45f812e-9795-48b6-a54f-b0576793fda3,5126c446-3e48-40a8-a97a-d2240267f041,Spouse,Male,1971-07-05,Adult,Unknown,Asthma,Physical,Partial,4d3e2f1g-0h9i-4j8k-7l6m-5p4q3r2s1t0u,2023-04-15,2026-04-14
9c3d5ad7-838a-423b-886b-f5947f714e3c,5126c446-3e48-40a8-a97a-d2240267f041,Spouse,Male,1960-09-10,Senior,No,Diabetes,Mental,Partial,4d3e2f1g-0h9i-4j8k-7l6m-5p4q3r2s1t0u,2023-04-15,2026-04-14
3ba9d32b-5e46-4f8f-80ca-c7f6e271c04d,ea7c7706-6c03-4f83-a55f-5b54669a4716,Spouse,Male,2004-01-29,Adult,No,Hypertension,None,Partial,5e4f3g2h-1i0j-4k9l-8m7n-6q5r4s3t2u1v,2023-06-01,2026-05-31
1d7a8c67-6763-4319-b917-483d9b347549,ea7c7706-6c03-4f83-a55f-5b54669a4716,Child,Female,2023-10-20,Child,Yes,Asthma,Physical,Partial,5e4f3g2h-1i0j-4k9l-8m7n-6q5r4s3t2u1v,2023-06-01,2026-05-31
2c301170-f4f2-4a92-8bd4-fde7ea2becfb,ea7c7706-6c03-4f83-a55f-5b54669a4716,Parent,Female,1987-01-14,Adult,Yes,Hypertension,Mental,None,5e4f3g2h-1i0j-4k9l-8m7n-6q5r4s3t2u1v,2023-06-01,2026-05-31
56e5b3cd-825d-4f02-87bd-1c24b91e54f3,5cb20bd6-3084-407b-9dd2-eb19bce0cd60,Spouse,Female,1995-01-23,Adult,Unknown,Diabetes,Mental,Full,6f5g4h3i-2j1k-4l0m-9n8o-7r6s5t4u3v2w,2021-08-15,2024-08-14
0491627a-617d-4e73-8716-4fddabce5c80,5cb20bd6-3084-407b-9dd2-eb19bce0cd60,Parent,Female,1972-08-15,Adult,Yes,Diabetes,Physical,None,6f5g4h3i-2j1k-4l0m-9n8o-7r6s5t4u3v2w,2021-08-15,2024-08-14
ab692722-fb1f-42f8-bc56-fe6565fa1f63,f0a29d13-b0ab-48be-abfb-892cabb177e4,Child,Female,1956-02-29,Senior,No,Diabetes,None,Full,8h7i6j5k-4l3m-4n2o-1p0q-9t8u7v6w5x4y,2020-12-15,2023-12-14
8b0ce90e-2772-462c-983d-c360d88eeb6d,f0a29d13-b0ab-48be-abfb-892cabb177e4,Parent,Female,1949-05-30,Senior,No,Diabetes,Physical,Partial,8h7i6j5k-4l3m-4n2o-1p0q-9t8u7v6w5x4y,2020-12-15,2023-12-14
2d5fde39-dc11-4205-a2e8-347511ec26aa,f0a29d13-b0ab-48be-abfb-892cabb177e4,Parent,Female,1984-04-17,Adult,Unknown,None,Mental,None,8h7i6j5k-4l3m-4n2o-1p0q-9t8u7v6w5x4y,2020-12-15,2023-12-14
e76b2ddd-3be1-4944-8b63-aa9f690a32d7,8bd46ee4-1f5a-4321-9c26-dea6a8341622,Spouse,Male,1978-03-02,Adult,Unknown,Asthma,None,Full,9i8j7k6l-5m4n-4o3p-2q1r-0u9v8w7x6y5z,2021-02-01,2024-01-31
8979fd71-208e-4e81-92ee-f9826a6c229d,8bd46ee4-1f5a-4321-9c26-dea6a8341622,Spouse,Female,1967-08-24,Adult,Yes,Asthma,Physical,None,9i8j7k6l-5m4n-4o3p-2q1r-0u9v8w7x6y5z,2021-02-01,2024-01-31
44c3deb8-643c-4bd1-ad64-789bbf63b289,c0bef61e-7087-423d-af82-69a43dd9f1c8,Child,Male,1954-11-25,Senior,Yes,Asthma,Mental,Full,0j9k8l7m-6n5o-4p4q-3r2s-1v0w9x8y7z6a,2023-04-15,2026-04-14
190844fc-01d1-4a1c-8398-95fad1ea8715,c0bef61e-7087-423d-af82-69a43dd9f1c8,Parent,Female,1987-12-09,Adult,Unknown,Hypertension,None,Partial,0j9k8l7m-6n5o-4p4q-3r2s-1v0w9x8y7z6a,2023-04-15,2026-04-14
1eb1d292-2911-457c-ab5b-b266055d825b,92e749ae-2906-4d08-9679-dd9c409eceff,Child,Female,2012-10-30,Child,Yes,Asthma,Mental,Partial,1k0l9m8n-7o6p-4q5r-4s3t-2w1x0y9z8a7b,2022-06-01,2025-05-31
14f19de0-0703-4b35-a1b2-5b28340bd71f,cb30d4ab-6392-4c99-aeb2-78ab8badc183,Spouse,Female,2014-01-23,Child,No,Diabetes,None,None,2l1m0n9o-8p7q-4r6s-5t4u-3x2y1z0a9b8c,2020-08-15,2023-08-14
64cf7905-74a6-45dc-b1f4-9a382e62d13a,cb30d4ab-6392-4c99-aeb2-78ab8badc183,Spouse,Male,1970-03-27,Adult,Unknown,None,None,Full,2l1m0n9o-8p7q-4r6s-5t4u-3x2y1z0a9b8c,2020-08-15,2023-08-14
678bd70b-f8d8-4e41-9c06-da18e3ad04c1,89de8c93-57d3-4c89-8303-379ed4e20554,Spouse,Female,1995-04-09,Adult,No,None,Mental,Full,4n3o2p1q-0r9s-4t8u-7v6w-5y4z3a2b1c0d,2021-09-15,2024-09-14
a0d19131-7fee-4af1-8bb7-fbcc9148f0ef,89de8c93-57d3-4c89-8303-379ed4e20554,Child,Male,1963-06-24,Senior,Unknown,Asthma,None,Partial,4n3o2p1q-0r9s-4t8u-7v6w-5y4z3a2b1c0d,2021-09-15,2024-09-14
56b87272-9691-4e58-8288-7d334073f6b1,c56ca7f1-2690-4fbd-bcfa-cac2bba3a6a0,Child,Female,1979-05-07,Adult,No,Diabetes,Mental,None,6p5q4r3s-2t1u-4v0w-9x8y-7a6b5c4d3e2f,2021-01-15,2024-01-14
9f485b0e-94f4-4dfd-b8af-f831c461f848,c56ca7f1-2690-4fbd-bcfa-cac2bba3a6a0,Parent,Female,2018-08-14,Child,No,None,Mental,Partial,6p5q4r3s-2t1u-4v0w-9x8y-7a6b5c4d3e2f,2021-01-15,2024-01-14
37155dc1-8b05-4f3b-a149-e1df641239e2,25580bc5-e092-40c1-baac-febc01a1b296,Parent,Female,1976-07-11,Adult,Unknown,Hypertension,Physical,Partial,7q6r5s4t-3u2v-4w1x-0y9z-8b7c6d5e4f3g,2021-03-01,2024-02-28
a867c43b-7a24-4eed-8e76-e9a6d1368d95,25580bc5-e092-40c1-baac-febc01a1b296,Spouse,Male,1985-08-21,Adult,Yes,Asthma,None,Partial,7q6r5s4t-3u2v-4w1x-0y9z-8b7c6d5e4f3g,2021-03-01,2024-02-28
f1d28a8a-f375-4579-925b-e1fc4b3e3185,25580bc5-e092-40c1-baac-febc01a1b296,Parent,Female,1985-04-26,Adult,Yes,Hypertension,Mental,Partial,7q6r5s4t-3u2v-4w1x-0y9z-8b7c6d5e4f3g,2021-03-01,2024-02-28
9d2a0a4f-87e3-4bd1-b1fb-01c4eb50e49a,75007560-9320-4bea-8eb9-71612692d561,Child,Female,1952-07-01,Senior,Yes,None,None,Partial,8r7s6t5u-4v3w-4x2y-1z0a-9c8d7e6f5g4h,2023-05-15,2026-05-14
c192ec02-0348-4c17-90b2-274a89d6984f,75007560-9320-4bea-8eb9-71612692d561,Spouse,Male,1989-09-20,Adult,Yes,Diabetes,Physical,Partial,8r7s6t5u-4v3w-4x2y-1z0a-9c8d7e6f5g4h,2023-05-15,2026-05-14
d20bf01a-cd93-410c-ba7e-22bbdf52edf9,f133055e-db7a-46e5-add9-45fd9f142884,Parent,Male,2023-04-20,Child,No,None,Mental,Full,0t9u8v7w-6x5y-4z4a-3b2c-1f0g9h8i7j6k,2020-09-15,2023-09-14
3a36e7c3-11b4-4b0d-bfd1-f18c90fcd8df,f133055e-db7a-46e5-add9-45fd9f142884,Parent,Female,1978-09-24,Adult,No,None,None,None,0t9u8v7w-6x5y-4z4a-3b2c-1f0g9h8i7j6k,2020-09-15,2023-09-14
8885eb5f-ce95-4b29-939b-42afd5499d55,57b0ed7d-c179-47e4-aa48-8bb39e7b6ec4,Child,Female,1957-12-29,Senior,No,Diabetes,Mental,Partial,1u0v9w8x-7y6z-4a5b-4c3d-2g1h0i9j8k7l,2021-11-01,2024-10-31
d6daad9f-bf4c-49f8-9469-caef79716c8c,e667dae3-daeb-499e-85ee-2af70f02abc2,Parent,Male,1985-09-06,Adult,Unknown,Diabetes,Physical,Full,2v1w0x9y-8z7a-4b6c-5d4e-3h2i1j0k9l8m,2023-01-15,2026-01-14
c8a2d0e0-5ef7-4741-88f4-c297629f3168,e667dae3-daeb-499e-85ee-2af70f02abc2,Parent,Male,2007-05-28,Teen,Unknown,Diabetes,Physical,Full,2v1w0x9y-8z7a-4b6c-5d4e-3h2i1j0k9l8m,2023-01-15,2026-01-14
83f594cc-a3bf-4d04-8080-87e740f5fc21,e667dae3-daeb-499e-85ee-2af70f02abc2,Spouse,Male,2001-01-11,Adult,Yes,None,Mental,Full,2v1w0x9y-8z7a-4b6c-5d4e-3h2i1j0k9l8m,2023-01-15,2026-01-14
a4b24877-aa0b-407e-9420-770bb7aca892,3e6e18b2-bf56-45f3-ac0d-502712f91d47,Child,Female,2002-06-02,Adult,Yes,Hypertension,None,None,3w2x1y0z-9a8b-4c7d-6e5f-4i3j2k1l0m9n,2023-03-01,2026-02-28
3119e1ef-3c03-4e79-a483-63f70b75668a,3e6e18b2-bf56-45f3-ac0d-502712f91d47,Child,Male,1970-07-16,Adult,Yes,Diabetes,Physical,Partial,3w2x1y0z-9a8b-4c7d-6e5f-4i3j2k1l0m9n,2023-03-01,2026-02-28
09d131b6-e009-4a0d-88bd-7db99d75dbab,3e6e18b2-bf56-45f3-ac0d-502712f91d47,Parent,Female,1961-09-26,Senior,Unknown,Diabetes,Mental,Partial,3w2x1y0z-9a8b-4c7d-6e5f-4i3j2k1l0m9n,2023-03-01,2026-02-28
3d3f41f3-9f56-4c2b-b0db-61590afc7b0f,1697e69d-1e28-438f-9405-8a7f85f2912f,Parent,Male,1966-11-10,Adult,Unknown,None,None,Partial,5y4z3a2b-1c0d-4e9f-8g7h-6k5l4m3n2o1p,2022-07-01,2025-06-30
d2f509db-8cb0-41d5-bb86-53c71df6ce41,0aee4ffb-8f29-4086-aa35-93bfc45fd347,Child,Male,1995-05-29,Adult,Yes,Asthma,None,Full,6z5a4b3c-2d1e-4f0g-9h8i-7l6m5n4o3p2q,2020-09-15,2023-09-14
b7db24d9-5073-4a96-b7e7-b3453f87c59b,99ef164c-abdf-49f7-89e3-d7e1f908df82,Spouse,Male,1970-02-18,Adult,Unknown,Diabetes,Physical,None,7a6b5c4d-3e2f-4g1h-0i9j-8m7n6o5p4q3r,2021-11-01,2024-10-31
a8488345-f834-44cd-b2ac-453340d4418d,d3252473-d654-4427-8f19-4a74ecdbd5ff,Child,Female,1976-03-19,Adult,Yes,Asthma,None,Partial,8b7c6d5e-4f3g-4h2i-1j0k-9n8o7p6q5r4s,2023-01-15,2026-01-14
fd6b74ea-feed-4697-8395-24e5a084bc2d,d3252473-d654-4427-8f19-4a74ecdbd5ff,Spouse,Female,2020-12-07,Child,Unknown,Diabetes,Physical,Partial,8b7c6d5e-4f3g-4h2i-1j0k-9n8o7p6q5r4s,2023-01-15,2026-01-14
3c3eabbd-6511-40a5-b252-963b751b7ac9,cbbe07a3-7d96-4aa0-b22f-f922f7503651,Parent,Male,1977-12-09,Adult,Yes,None,None,Full,9c8d7e6f-5g4h-4i3j-2k1l-0o9p8q7r6s5t,2022-03-01,2025-02-28
93a83810-87f6-4160-97d6-15ba8dd2b4d8,cbbe07a3-7d96-4aa0-b22f-f922f7503651,Parent,Male,1962-09-22,Senior,Yes,Asthma,Physical,Partial,9c8d7e6f-5g4h-4i3j-2k1l-0o9p8q7r6s5t,2022-03-01,2025-02-28
b2074a28-1162-4601-806a-ca9a093843a5,e53dfab2-169f-4bd0-9283-e7d435955421,Child,Male,1958-04-10,Senior,Unknown,None,None,Partial,1e0f9g8h-7i6j-4k5l-4m3n-2q1r0s9t8u7v,2021-07-01,2024-06-30
7070c72b-6c72-49dc-8018-49194c069c44,e53dfab2-169f-4bd0-9283-e7d435955421,Parent,Male,1992-08-25,Adult,Unknown,Diabetes,Physical,Partial,1e0f9g8h-7i6j-4k5l-4m3n-2q1r0s9t8u7v,2021-07-01,2024-06-30
b95ed78a-e922-4595-8e2b-d8651b34a51c,e53dfab2-169f-4bd0-9283-e7d435955421,Parent,Female,2013-06-06,Child,No,None,Mental,Full,1e0f9g8h-7i6j-4k5l-4m3n-2q1r0s9t8u7v,2021-07-01,2024-06-30
dddf102d-cb9b-463b-a852-2bf3190ee95c,dbb0fae7-4aa5-4729-9a76-66d01b597fdb,Parent,Male,1957-10-04,Senior,No,Diabetes,Physical,Full,2f1g0h9i-8j7k-4l6m-5n4o-3r2s1t0u9v8w,2022-09-15,2025-09-14
6826559b-0344-4193-85a2-49775bf73fa1,dbb0fae7-4aa5-4729-9a76-66d01b597fdb,Parent,Female,2011-11-27,Teen,Unknown,Asthma,Physical,Full,2f1g0h9i-8j7k-4l6m-5n4o-3r2s1t0u9v8w,2022-09-15,2025-09-14
7023fe00-445f-4d39-b561-5ca55669a657,dbb0fae7-4aa5-4729-9a76-66d01b597fdb,Child,Female,1982-11-13,Adult,Unknown,None,Physical,Full,2f1g0h9i-8j7k-4l6m-5n4o-3r2s1t0u9v8w,2022-09-15,2025-09-14